user,live_date,message_selector,raw
arijodi1214,2023-11-16 20:32:43,Yo mÃ¡s perdida con lo del anime,"[<span class="""" data-a-target=""chat-line-message-body""><span class=""text-fragment"" data-a-target=""chat-message-text"">Yo mÃ¡s perdida con lo del anime</span></span>]"
sofi_pubb01,2023-11-16 20:32:43,,"[<span class="""" data-a-target=""chat-line-message-body""><div class=""chat-line__message--emote-button"" data-test-selector=""emote-button""><div class=""InjectLayout-sc-1i43xsx-0 jbmPmA""><span data-a-target=""emote-name""><div class=""Layout-sc-1xcs6mc-0 eRdKzO chat-image__container""><img alt=""NewRecord"" class=""chat-image chat-line__message--emote"" src=""https://static-cdn.jtvnw.net/emoticons/v2/emotesv2_53f6a6af8b0e453d874bbefee49b3e73/default/dark/1.0"" srcset=""https://static-cdn.jtvnw.net/emoticons/v2/emotesv2_53f6a6af8b0e453d874bbefee49b3e73/default/dark/1.0 1x,https://static-cdn.jtvnw.net/emoticons/v2/emotesv2_53f6a6af8b0e453d874bbefee49b3e73/default/dark/2.0 2x,https://static-cdn.jtvnw.net/emoticons/v2/emotesv2_53f6a6af8b0e453d874bbefee49b3e73/default/dark/3.0 4x""/></div></span></div></div></span>]"
sara_yeih,2023-11-16 20:32:43,   ,"[<span class="""" data-a-target=""chat-line-message-body""><div class=""chat-line__message--emote-button"" data-test-selector=""emote-button""><div class=""InjectLayout-sc-1i43xsx-0 jbmPmA""><span data-a-target=""emote-name""><div class=""Layout-sc-1xcs6mc-0 eRdKzO chat-image__container""><img alt=""FootYellow"" class=""chat-image chat-line__message--emote"" src=""https://static-cdn.jtvnw.net/emoticons/v2/302628613/default/dark/1.0"" srcset=""https://static-cdn.jtvnw.net/emoticons/v2/302628613/default/dark/1.0 1x,https://static-cdn.jtvnw.net/emoticons/v2/302628613/default/dark/2.0 2x,https://static-cdn.jtvnw.net/emoticons/v2/302628613/default/dark/3.0 4x""/></div></span></div></div><span class=""text-fragment"" data-a-target=""chat-message-text""> </span><div class=""chat-line__message--emote-button"" data-test-selector=""emote-button""><div class=""InjectLayout-sc-1i43xsx-0 jbmPmA""><span data-a-target=""emote-name""><div class=""Layout-sc-1xcs6mc-0 eRdKzO chat-image__container""><img alt=""FootYellow"" class=""chat-image chat-line__message--emote"" src=""https://static-cdn.jtvnw.net/emoticons/v2/302628613/default/dark/1.0"" srcset=""https://static-cdn.jtvnw.net/emoticons/v2/302628613/default/dark/1.0 1x,https://static-cdn.jtvnw.net/emoticons/v2/302628613/default/dark/2.0 2x,https://static-cdn.jtvnw.net/emoticons/v2/302628613/default/dark/3.0 4x""/></div></span></div></div><span class=""text-fragment"" data-a-target=""chat-message-text""> </span><div class=""chat-line__message--emote-button"" data-test-selector=""emote-button""><div class=""InjectLayout-sc-1i43xsx-0 jbmPmA""><span data-a-target=""emote-name""><div class=""Layout-sc-1xcs6mc-0 eRdKzO chat-image__container""><img alt=""FootYellow"" class=""chat-image chat-line__message--emote"" src=""https://static-cdn.jtvnw.net/emoticons/v2/302628613/default/dark/1.0"" srcset=""https://static-cdn.jtvnw.net/emoticons/v2/302628613/default/dark/1.0 1x,https://static-cdn.jtvnw.net/emoticons/v2/302628613/default/dark/2.0 2x,https://static-cdn.jtvnw.net/emoticons/v2/302628613/default/dark/3.0 4x""/></div></span></div></div><span class=""text-fragment"" data-a-target=""chat-message-text""> </span><div class=""chat-line__message--emote-button"" data-test-selector=""emote-button""><div class=""InjectLayout-sc-1i43xsx-0 jbmPmA""><span data-a-target=""emote-name""><div class=""Layout-sc-1xcs6mc-0 eRdKzO chat-image__container""><img alt=""FootYellow"" class=""chat-image chat-line__message--emote"" src=""https://static-cdn.jtvnw.net/emoticons/v2/302628613/default/dark/1.0"" srcset=""https://static-cdn.jtvnw.net/emoticons/v2/302628613/default/dark/1.0 1x,https://static-cdn.jtvnw.net/emoticons/v2/302628613/default/dark/2.0 2x,https://static-cdn.jtvnw.net/emoticons/v2/302628613/default/dark/3.0 4x""/></div></span></div></div></span>]"
Bellyzitta,2023-11-16 20:32:43,JAJAJAJAJAJAJAJ,"[<span class="""" data-a-target=""chat-line-message-body""><span class=""text-fragment"" data-a-target=""chat-message-text"">JAJAJAJAJAJAJAJ</span></span>]"
mica_montesdeoca,2023-11-16 20:32:43,ESTANNN GODD LOS DE ANIMEEEE,"[<span class="""" data-a-target=""chat-line-message-body""><span class=""text-fragment"" data-a-target=""chat-message-text"">ESTANNN GODD LOS DE ANIMEEEE</span></span>]"
madeee1408,2023-11-16 20:32:43,Jjjjj,"[<span class="""" data-a-target=""chat-line-message-body""><span class=""text-fragment"" data-a-target=""chat-message-text"">Jjjjj</span></span>]"
jadefer_,2023-11-16 20:32:43,M,"[<span class="""" data-a-target=""chat-line-message-body""><span class=""text-fragment"" data-a-target=""chat-message-text"">M</span></span>]"
thaliasol23,2023-11-16 20:32:43,    ,"[<span class="""" data-a-target=""chat-line-message-body""><div class=""chat-line__message--emote-button"" data-test-selector=""emote-button""><div class=""InjectLayout-sc-1i43xsx-0 jbmPmA""><span data-a-target=""emote-name""><div class=""Layout-sc-1xcs6mc-0 eRdKzO chat-image__container""><img alt=""FootYellow"" class=""chat-image chat-line__message--emote"" src=""https://static-cdn.jtvnw.net/emoticons/v2/302628613/default/dark/1.0"" srcset=""https://static-cdn.jtvnw.net/emoticons/v2/302628613/default/dark/1.0 1x,https://static-cdn.jtvnw.net/emoticons/v2/302628613/default/dark/2.0 2x,https://static-cdn.jtvnw.net/emoticons/v2/302628613/default/dark/3.0 4x""/></div></span></div></div><span class=""text-fragment"" data-a-target=""chat-message-text""> </span><div class=""chat-line__message--emote-button"" data-test-selector=""emote-button""><div class=""InjectLayout-sc-1i43xsx-0 jbmPmA""><span data-a-target=""emote-name""><div class=""Layout-sc-1xcs6mc-0 eRdKzO chat-image__container""><img alt=""FootYellow"" class=""chat-image chat-line__message--emote"" src=""https://static-cdn.jtvnw.net/emoticons/v2/302628613/default/dark/1.0"" srcset=""https://static-cdn.jtvnw.net/emoticons/v2/302628613/default/dark/1.0 1x,https://static-cdn.jtvnw.net/emoticons/v2/302628613/default/dark/2.0 2x,https://static-cdn.jtvnw.net/emoticons/v2/302628613/default/dark/3.0 4x""/></div></span></div></div><span class=""text-fragment"" data-a-target=""chat-message-text""> </span><div class=""chat-line__message--emote-button"" data-test-selector=""emote-button""><div class=""InjectLayout-sc-1i43xsx-0 jbmPmA""><span data-a-target=""emote-name""><div class=""Layout-sc-1xcs6mc-0 eRdKzO chat-image__container""><img alt=""FootYellow"" class=""chat-image chat-line__message--emote"" src=""https://static-cdn.jtvnw.net/emoticons/v2/302628613/default/dark/1.0"" srcset=""https://static-cdn.jtvnw.net/emoticons/v2/302628613/default/dark/1.0 1x,https://static-cdn.jtvnw.net/emoticons/v2/302628613/default/dark/2.0 2x,https://static-cdn.jtvnw.net/emoticons/v2/302628613/default/dark/3.0 4x""/></div></span></div></div><span class=""text-fragment"" data-a-target=""chat-message-text""> </span><div class=""chat-line__message--emote-button"" data-test-selector=""emote-button""><div class=""InjectLayout-sc-1i43xsx-0 jbmPmA""><span data-a-target=""emote-name""><div class=""Layout-sc-1xcs6mc-0 eRdKzO chat-image__container""><img alt=""FootYellow"" class=""chat-image chat-line__message--emote"" src=""https://static-cdn.jtvnw.net/emoticons/v2/302628613/default/dark/1.0"" srcset=""https://static-cdn.jtvnw.net/emoticons/v2/302628613/default/dark/1.0 1x,https://static-cdn.jtvnw.net/emoticons/v2/302628613/default/dark/2.0 2x,https://static-cdn.jtvnw.net/emoticons/v2/302628613/default/dark/3.0 4x""/></div></span></div></div><span class=""text-fragment"" data-a-target=""chat-message-text""> </span><div class=""chat-line__message--emote-button"" data-test-selector=""emote-button""><div class=""InjectLayout-sc-1i43xsx-0 jbmPmA""><span data-a-target=""emote-name""><div class=""Layout-sc-1xcs6mc-0 eRdKzO chat-image__container""><img alt=""FootYellow"" class=""chat-image chat-line__message--emote"" src=""https://static-cdn.jtvnw.net/emoticons/v2/302628613/default/dark/1.0"" srcset=""https://static-cdn.jtvnw.net/emoticons/v2/302628613/default/dark/1.0 1x,https://static-cdn.jtvnw.net/emoticons/v2/302628613/default/dark/2.0 2x,https://static-cdn.jtvnw.net/emoticons/v2/302628613/default/dark/3.0 4x""/></div></span></div></div></span>]"
villajaneth,2023-11-16 20:32:43,Holis cry,"[<span class="""" data-a-target=""chat-line-message-body""><span class=""text-fragment"" data-a-target=""chat-message-text"">Holis cry</span></span>]"
Lilissyx,2023-11-16 20:32:43,uuu,"[<span class="""" data-a-target=""chat-line-message-body""><span class=""text-fragment"" data-a-target=""chat-message-text"">uuu</span></span>]"
ALED1BUBU,2023-11-16 20:32:43,Jajajajaja,"[<span class="""" data-a-target=""chat-line-message-body""><span class=""text-fragment"" data-a-target=""chat-message-text"">Jajajajaja</span></span>]"
arianavbl,2023-11-16 20:32:43, ,"[<span class="""" data-a-target=""chat-line-message-body""><div class=""chat-line__message--emote-button"" data-test-selector=""emote-button""><div class=""InjectLayout-sc-1i43xsx-0 jbmPmA""><span data-a-target=""emote-name""><div class=""Layout-sc-1xcs6mc-0 eRdKzO chat-image__container""><img alt=""xcryOtia"" class=""chat-image chat-line__message--emote"" src=""https://static-cdn.jtvnw.net/emoticons/v2/emotesv2_66adbef7aa1f4444b41727875d87419a/default/dark/1.0"" srcset=""https://static-cdn.jtvnw.net/emoticons/v2/emotesv2_66adbef7aa1f4444b41727875d87419a/default/dark/1.0 1x,https://static-cdn.jtvnw.net/emoticons/v2/emotesv2_66adbef7aa1f4444b41727875d87419a/default/dark/2.0 2x,https://static-cdn.jtvnw.net/emoticons/v2/emotesv2_66adbef7aa1f4444b41727875d87419a/default/dark/3.0 4x""/></div></span></div></div><span class=""text-fragment"" data-a-target=""chat-message-text""> </span><div class=""chat-line__message--emote-button"" data-test-selector=""emote-button""><div class=""InjectLayout-sc-1i43xsx-0 jbmPmA""><span data-a-target=""emote-name""><div class=""Layout-sc-1xcs6mc-0 eRdKzO chat-image__container""><img alt=""xcryOtia"" class=""chat-image chat-line__message--emote"" src=""https://static-cdn.jtvnw.net/emoticons/v2/emotesv2_66adbef7aa1f4444b41727875d87419a/default/dark/1.0"" srcset=""https://static-cdn.jtvnw.net/emoticons/v2/emotesv2_66adbef7aa1f4444b41727875d87419a/default/dark/1.0 1x,https://static-cdn.jtvnw.net/emoticons/v2/emotesv2_66adbef7aa1f4444b41727875d87419a/default/dark/2.0 2x,https://static-cdn.jtvnw.net/emoticons/v2/emotesv2_66adbef7aa1f4444b41727875d87419a/default/dark/3.0 4x""/></div></span></div></div></span>]"
patyjm,2023-11-16 20:32:43,EstÃ¡ bonito,"[<span class="""" data-a-target=""chat-line-message-body""><span class=""text-fragment"" data-a-target=""chat-message-text"">EstÃ¡ bonito</span></span>]"
starfirequeen26,2023-11-16 20:32:43,     ,"[<span class="""" data-a-target=""chat-line-message-body""><div class=""chat-line__message--emote-button"" data-test-selector=""emote-button""><div class=""InjectLayout-sc-1i43xsx-0 jbmPmA""><span data-a-target=""emote-name""><div class=""Layout-sc-1xcs6mc-0 eRdKzO chat-image__container""><img alt=""xcryJajaja"" class=""chat-image chat-line__message--emote"" src=""https://static-cdn.jtvnw.net/emoticons/v2/emotesv2_6093022d70874e84a5789435c9819838/default/dark/1.0"" srcset=""https://static-cdn.jtvnw.net/emoticons/v2/emotesv2_6093022d70874e84a5789435c9819838/default/dark/1.0 1x,https://static-cdn.jtvnw.net/emoticons/v2/emotesv2_6093022d70874e84a5789435c9819838/default/dark/2.0 2x,https://static-cdn.jtvnw.net/emoticons/v2/emotesv2_6093022d70874e84a5789435c9819838/default/dark/3.0 4x""/></div></span></div></div><span class=""text-fragment"" data-a-target=""chat-message-text""> </span><div class=""chat-line__message--emote-button"" data-test-selector=""emote-button""><div class=""InjectLayout-sc-1i43xsx-0 jbmPmA""><span data-a-target=""emote-name""><div class=""Layout-sc-1xcs6mc-0 eRdKzO chat-image__container""><img alt=""xcryJajaja"" class=""chat-image chat-line__message--emote"" src=""https://static-cdn.jtvnw.net/emoticons/v2/emotesv2_6093022d70874e84a5789435c9819838/default/dark/1.0"" srcset=""https://static-cdn.jtvnw.net/emoticons/v2/emotesv2_6093022d70874e84a5789435c9819838/default/dark/1.0 1x,https://static-cdn.jtvnw.net/emoticons/v2/emotesv2_6093022d70874e84a5789435c9819838/default/dark/2.0 2x,https://static-cdn.jtvnw.net/emoticons/v2/emotesv2_6093022d70874e84a5789435c9819838/default/dark/3.0 4x""/></div></span></div></div><span class=""text-fragment"" data-a-target=""chat-message-text""> </span><div class=""chat-line__message--emote-button"" data-test-selector=""emote-button""><div class=""InjectLayout-sc-1i43xsx-0 jbmPmA""><span data-a-target=""emote-name""><div class=""Layout-sc-1xcs6mc-0 eRdKzO chat-image__container""><img alt=""xcryJajaja"" class=""chat-image chat-line__message--emote"" src=""https://static-cdn.jtvnw.net/emoticons/v2/emotesv2_6093022d70874e84a5789435c9819838/default/dark/1.0"" srcset=""https://static-cdn.jtvnw.net/emoticons/v2/emotesv2_6093022d70874e84a5789435c9819838/default/dark/1.0 1x,https://static-cdn.jtvnw.net/emoticons/v2/emotesv2_6093022d70874e84a5789435c9819838/default/dark/2.0 2x,https://static-cdn.jtvnw.net/emoticons/v2/emotesv2_6093022d70874e84a5789435c9819838/default/dark/3.0 4x""/></div></span></div></div><span class=""text-fragment"" data-a-target=""chat-message-text""> </span><div class=""chat-line__message--emote-button"" data-test-selector=""emote-button""><div class=""InjectLayout-sc-1i43xsx-0 jbmPmA""><span data-a-target=""emote-name""><div class=""Layout-sc-1xcs6mc-0 eRdKzO chat-image__container""><img alt=""xcrySorpresa"" class=""chat-image chat-line__message--emote"" src=""https://static-cdn.jtvnw.net/emoticons/v2/emotesv2_3d56038ac0894ac187612d0647922530/default/dark/1.0"" srcset=""https://static-cdn.jtvnw.net/emoticons/v2/emotesv2_3d56038ac0894ac187612d0647922530/default/dark/1.0 1x,https://static-cdn.jtvnw.net/emoticons/v2/emotesv2_3d56038ac0894ac187612d0647922530/default/dark/2.0 2x,https://static-cdn.jtvnw.net/emoticons/v2/emotesv2_3d56038ac0894ac187612d0647922530/default/dark/3.0 4x""/></div></span></div></div><span class=""text-fragment"" data-a-target=""chat-message-text""> </span><div class=""chat-line__message--emote-button"" data-test-selector=""emote-button""><div class=""InjectLayout-sc-1i43xsx-0 jbmPmA""><span data-a-target=""emote-name""><div class=""Layout-sc-1xcs6mc-0 eRdKzO chat-image__container""><img alt=""xcrySorpresa"" class=""chat-image chat-line__message--emote"" src=""https://static-cdn.jtvnw.net/emoticons/v2/emotesv2_3d56038ac0894ac187612d0647922530/default/dark/1.0"" srcset=""https://static-cdn.jtvnw.net/emoticons/v2/emotesv2_3d56038ac0894ac187612d0647922530/default/dark/1.0 1x,https://static-cdn.jtvnw.net/emoticons/v2/emotesv2_3d56038ac0894ac187612d0647922530/default/dark/2.0 2x,https://static-cdn.jtvnw.net/emoticons/v2/emotesv2_3d56038ac0894ac187612d0647922530/default/dark/3.0 4x""/></div></span></div></div><span class=""text-fragment"" data-a-target=""chat-message-text""> </span><div class=""chat-line__message--emote-button"" data-test-selector=""emote-button""><div class=""InjectLayout-sc-1i43xsx-0 jbmPmA""><span data-a-target=""emote-name""><div class=""Layout-sc-1xcs6mc-0 eRdKzO chat-image__container""><img alt=""xcrySorpresa"" class=""chat-image chat-line__message--emote"" src=""https://static-cdn.jtvnw.net/emoticons/v2/emotesv2_3d56038ac0894ac187612d0647922530/default/dark/1.0"" srcset=""https://static-cdn.jtvnw.net/emoticons/v2/emotesv2_3d56038ac0894ac187612d0647922530/default/dark/1.0 1x,https://static-cdn.jtvnw.net/emoticons/v2/emotesv2_3d56038ac0894ac187612d0647922530/default/dark/2.0 2x,https://static-cdn.jtvnw.net/emoticons/v2/emotesv2_3d56038ac0894ac187612d0647922530/default/dark/3.0 4x""/></div></span></div></div></span>]"
lastdreamgely,2023-11-16 20:32:43,Siiii,"[<span class="""" data-a-target=""chat-line-message-body""><span class=""text-fragment"" data-a-target=""chat-message-text"">Siiii</span></span>]"
feerni09,2023-11-16 20:32:43,Jajaajajajjaja,"[<span class="""" data-a-target=""chat-line-message-body""><span class=""text-fragment"" data-a-target=""chat-message-text"">Jajaajajajjaja</span></span>]"
leydyromero,2023-11-16 20:32:43,Epaa,"[<span class="""" data-a-target=""chat-line-message-body""><span class=""text-fragment"" data-a-target=""chat-message-text"">Epaa</span></span>]"
luciaruiz_lr,2023-11-16 20:32:43,JJAJAJAJAJAJAJAA,"[<span class="""" data-a-target=""chat-line-message-body""><span class=""text-fragment"" data-a-target=""chat-message-text"">JJAJAJAJAJAJAJAA</span></span>]"
martoxcry,2023-11-16 20:32:43,    ,"[<span class="""" data-a-target=""chat-line-message-body""><div class=""chat-line__message--emote-button"" data-test-selector=""emote-button""><div class=""InjectLayout-sc-1i43xsx-0 jbmPmA""><span data-a-target=""emote-name""><div class=""Layout-sc-1xcs6mc-0 eRdKzO chat-image__container""><img alt=""FootYellow"" class=""chat-image chat-line__message--emote"" src=""https://static-cdn.jtvnw.net/emoticons/v2/302628613/default/dark/1.0"" srcset=""https://static-cdn.jtvnw.net/emoticons/v2/302628613/default/dark/1.0 1x,https://static-cdn.jtvnw.net/emoticons/v2/302628613/default/dark/2.0 2x,https://static-cdn.jtvnw.net/emoticons/v2/302628613/default/dark/3.0 4x""/></div></span></div></div><span class=""text-fragment"" data-a-target=""chat-message-text""> </span><div class=""chat-line__message--emote-button"" data-test-selector=""emote-button""><div class=""InjectLayout-sc-1i43xsx-0 jbmPmA""><span data-a-target=""emote-name""><div class=""Layout-sc-1xcs6mc-0 eRdKzO chat-image__container""><img alt=""FootYellow"" class=""chat-image chat-line__message--emote"" src=""https://static-cdn.jtvnw.net/emoticons/v2/302628613/default/dark/1.0"" srcset=""https://static-cdn.jtvnw.net/emoticons/v2/302628613/default/dark/1.0 1x,https://static-cdn.jtvnw.net/emoticons/v2/302628613/default/dark/2.0 2x,https://static-cdn.jtvnw.net/emoticons/v2/302628613/default/dark/3.0 4x""/></div></span></div></div><span class=""text-fragment"" data-a-target=""chat-message-text""> </span><div class=""chat-line__message--emote-button"" data-test-selector=""emote-button""><div class=""InjectLayout-sc-1i43xsx-0 jbmPmA""><span data-a-target=""emote-name""><div class=""Layout-sc-1xcs6mc-0 eRdKzO chat-image__container""><img alt=""FootYellow"" class=""chat-image chat-line__message--emote"" src=""https://static-cdn.jtvnw.net/emoticons/v2/302628613/default/dark/1.0"" srcset=""https://static-cdn.jtvnw.net/emoticons/v2/302628613/default/dark/1.0 1x,https://static-cdn.jtvnw.net/emoticons/v2/302628613/default/dark/2.0 2x,https://static-cdn.jtvnw.net/emoticons/v2/302628613/default/dark/3.0 4x""/></div></span></div></div><span class=""text-fragment"" data-a-target=""chat-message-text""> </span><div class=""chat-line__message--emote-button"" data-test-selector=""emote-button""><div class=""InjectLayout-sc-1i43xsx-0 jbmPmA""><span data-a-target=""emote-name""><div class=""Layout-sc-1xcs6mc-0 eRdKzO chat-image__container""><img alt=""FootYellow"" class=""chat-image chat-line__message--emote"" src=""https://static-cdn.jtvnw.net/emoticons/v2/302628613/default/dark/1.0"" srcset=""https://static-cdn.jtvnw.net/emoticons/v2/302628613/default/dark/1.0 1x,https://static-cdn.jtvnw.net/emoticons/v2/302628613/default/dark/2.0 2x,https://static-cdn.jtvnw.net/emoticons/v2/302628613/default/dark/3.0 4x""/></div></span></div></div><span class=""text-fragment"" data-a-target=""chat-message-text""> </span><div class=""chat-line__message--emote-button"" data-test-selector=""emote-button""><div class=""InjectLayout-sc-1i43xsx-0 jbmPmA""><span data-a-target=""emote-name""><div class=""Layout-sc-1xcs6mc-0 eRdKzO chat-image__container""><img alt=""FootYellow"" class=""chat-image chat-line__message--emote"" src=""https://static-cdn.jtvnw.net/emoticons/v2/302628613/default/dark/1.0"" srcset=""https://static-cdn.jtvnw.net/emoticons/v2/302628613/default/dark/1.0 1x,https://static-cdn.jtvnw.net/emoticons/v2/302628613/default/dark/2.0 2x,https://static-cdn.jtvnw.net/emoticons/v2/302628613/default/dark/3.0 4x""/></div></span></div></div></span>]"
vcutsk,2023-11-16 20:32:43,AWWWWW,"[<span class="""" data-a-target=""chat-line-message-body""><span class=""text-fragment"" data-a-target=""chat-message-text"">AWWWWW</span></span>]"
ferpawat,2023-11-16 20:32:43,AJAJAJAJAJAJAJAAJAJ,"[<span class="""" data-a-target=""chat-line-message-body""><span class=""text-fragment"" data-a-target=""chat-message-text"">AJAJAJAJAJAJAJAAJAJ</span></span>]"
gartygo,2023-11-16 20:32:43,ðŸ¥³ðŸ¥³ðŸ¥³ðŸ¥³ðŸ¥³ðŸ¥³ðŸ¥³,"[<span class="""" data-a-target=""chat-line-message-body""><span class=""text-fragment"" data-a-target=""chat-message-text"">ðŸ¥³ðŸ¥³ðŸ¥³ðŸ¥³ðŸ¥³ðŸ¥³ðŸ¥³</span></span>]"
jha_lvd,2023-11-16 20:32:43,UE BONITO,"[<span class="""" data-a-target=""chat-line-message-body""><span class=""text-fragment"" data-a-target=""chat-message-text"">UE BONITO</span></span>]"
fabsxx018,2023-11-16 20:32:43,      ,"[<span class="""" data-a-target=""chat-line-message-body""><div class=""chat-line__message--emote-button"" data-test-selector=""emote-button""><div class=""InjectLayout-sc-1i43xsx-0 jbmPmA""><span data-a-target=""emote-name""><div class=""Layout-sc-1xcs6mc-0 eRdKzO chat-image__container""><img alt=""FootYellow"" class=""chat-image chat-line__message--emote"" src=""https://static-cdn.jtvnw.net/emoticons/v2/302628613/default/dark/1.0"" srcset=""https://static-cdn.jtvnw.net/emoticons/v2/302628613/default/dark/1.0 1x,https://static-cdn.jtvnw.net/emoticons/v2/302628613/default/dark/2.0 2x,https://static-cdn.jtvnw.net/emoticons/v2/302628613/default/dark/3.0 4x""/></div></span></div></div><span class=""text-fragment"" data-a-target=""chat-message-text""> </span><div class=""chat-line__message--emote-button"" data-test-selector=""emote-button""><div class=""InjectLayout-sc-1i43xsx-0 jbmPmA""><span data-a-target=""emote-name""><div class=""Layout-sc-1xcs6mc-0 eRdKzO chat-image__container""><img alt=""FootYellow"" class=""chat-image chat-line__message--emote"" src=""https://static-cdn.jtvnw.net/emoticons/v2/302628613/default/dark/1.0"" srcset=""https://static-cdn.jtvnw.net/emoticons/v2/302628613/default/dark/1.0 1x,https://static-cdn.jtvnw.net/emoticons/v2/302628613/default/dark/2.0 2x,https://static-cdn.jtvnw.net/emoticons/v2/302628613/default/dark/3.0 4x""/></div></span></div></div><span class=""text-fragment"" data-a-target=""chat-message-text""> </span><div class=""chat-line__message--emote-button"" data-test-selector=""emote-button""><div class=""InjectLayout-sc-1i43xsx-0 jbmPmA""><span data-a-target=""emote-name""><div class=""Layout-sc-1xcs6mc-0 eRdKzO chat-image__container""><img alt=""FootYellow"" class=""chat-image chat-line__message--emote"" src=""https://static-cdn.jtvnw.net/emoticons/v2/302628613/default/dark/1.0"" srcset=""https://static-cdn.jtvnw.net/emoticons/v2/302628613/default/dark/1.0 1x,https://static-cdn.jtvnw.net/emoticons/v2/302628613/default/dark/2.0 2x,https://static-cdn.jtvnw.net/emoticons/v2/302628613/default/dark/3.0 4x""/></div></span></div></div><span class=""text-fragment"" data-a-target=""chat-message-text""> </span><div class=""chat-line__message--emote-button"" data-test-selector=""emote-button""><div class=""InjectLayout-sc-1i43xsx-0 jbmPmA""><span data-a-target=""emote-name""><div class=""Layout-sc-1xcs6mc-0 eRdKzO chat-image__container""><img alt=""FootYellow"" class=""chat-image chat-line__message--emote"" src=""https://static-cdn.jtvnw.net/emoticons/v2/302628613/default/dark/1.0"" srcset=""https://static-cdn.jtvnw.net/emoticons/v2/302628613/default/dark/1.0 1x,https://static-cdn.jtvnw.net/emoticons/v2/302628613/default/dark/2.0 2x,https://static-cdn.jtvnw.net/emoticons/v2/302628613/default/dark/3.0 4x""/></div></span></div></div><span class=""text-fragment"" data-a-target=""chat-message-text""> </span><div class=""chat-line__message--emote-button"" data-test-selector=""emote-button""><div class=""InjectLayout-sc-1i43xsx-0 jbmPmA""><span data-a-target=""emote-name""><div class=""Layout-sc-1xcs6mc-0 eRdKzO chat-image__container""><img alt=""FootYellow"" class=""chat-image chat-line__message--emote"" src=""https://static-cdn.jtvnw.net/emoticons/v2/302628613/default/dark/1.0"" srcset=""https://static-cdn.jtvnw.net/emoticons/v2/302628613/default/dark/1.0 1x,https://static-cdn.jtvnw.net/emoticons/v2/302628613/default/dark/2.0 2x,https://static-cdn.jtvnw.net/emoticons/v2/302628613/default/dark/3.0 4x""/></div></span></div></div><span class=""text-fragment"" data-a-target=""chat-message-text""> </span><div class=""chat-line__message--emote-button"" data-test-selector=""emote-button""><div class=""InjectLayout-sc-1i43xsx-0 jbmPmA""><span data-a-target=""emote-name""><div class=""Layout-sc-1xcs6mc-0 eRdKzO chat-image__container""><img alt=""FootYellow"" class=""chat-image chat-line__message--emote"" src=""https://static-cdn.jtvnw.net/emoticons/v2/302628613/default/dark/1.0"" srcset=""https://static-cdn.jtvnw.net/emoticons/v2/302628613/default/dark/1.0 1x,https://static-cdn.jtvnw.net/emoticons/v2/302628613/default/dark/2.0 2x,https://static-cdn.jtvnw.net/emoticons/v2/302628613/default/dark/3.0 4x""/></div></span></div></div><span class=""text-fragment"" data-a-target=""chat-message-text""> </span><div class=""chat-line__message--emote-button"" data-test-selector=""emote-button""><div class=""InjectLayout-sc-1i43xsx-0 jbmPmA""><span data-a-target=""emote-name""><div class=""Layout-sc-1xcs6mc-0 eRdKzO chat-image__container""><img alt=""FootYellow"" class=""chat-image chat-line__message--emote"" src=""https://static-cdn.jtvnw.net/emoticons/v2/302628613/default/dark/1.0"" srcset=""https://static-cdn.jtvnw.net/emoticons/v2/302628613/default/dark/1.0 1x,https://static-cdn.jtvnw.net/emoticons/v2/302628613/default/dark/2.0 2x,https://static-cdn.jtvnw.net/emoticons/v2/302628613/default/dark/3.0 4x""/></div></span></div></div></span>]"
bren2798,2023-11-16 20:32:43,   ,"[<span class="""" data-a-target=""chat-line-message-body""><div class=""chat-line__message--emote-button"" data-test-selector=""emote-button""><div class=""InjectLayout-sc-1i43xsx-0 jbmPmA""><span data-a-target=""emote-name""><div class=""Layout-sc-1xcs6mc-0 eRdKzO chat-image__container""><img alt=""xcryOtia"" class=""chat-image chat-line__message--emote"" src=""https://static-cdn.jtvnw.net/emoticons/v2/emotesv2_66adbef7aa1f4444b41727875d87419a/default/dark/1.0"" srcset=""https://static-cdn.jtvnw.net/emoticons/v2/emotesv2_66adbef7aa1f4444b41727875d87419a/default/dark/1.0 1x,https://static-cdn.jtvnw.net/emoticons/v2/emotesv2_66adbef7aa1f4444b41727875d87419a/default/dark/2.0 2x,https://static-cdn.jtvnw.net/emoticons/v2/emotesv2_66adbef7aa1f4444b41727875d87419a/default/dark/3.0 4x""/></div></span></div></div><span class=""text-fragment"" data-a-target=""chat-message-text""> </span><div class=""chat-line__message--emote-button"" data-test-selector=""emote-button""><div class=""InjectLayout-sc-1i43xsx-0 jbmPmA""><span data-a-target=""emote-name""><div class=""Layout-sc-1xcs6mc-0 eRdKzO chat-image__container""><img alt=""xcryOtia"" class=""chat-image chat-line__message--emote"" src=""https://static-cdn.jtvnw.net/emoticons/v2/emotesv2_66adbef7aa1f4444b41727875d87419a/default/dark/1.0"" srcset=""https://static-cdn.jtvnw.net/emoticons/v2/emotesv2_66adbef7aa1f4444b41727875d87419a/default/dark/1.0 1x,https://static-cdn.jtvnw.net/emoticons/v2/emotesv2_66adbef7aa1f4444b41727875d87419a/default/dark/2.0 2x,https://static-cdn.jtvnw.net/emoticons/v2/emotesv2_66adbef7aa1f4444b41727875d87419a/default/dark/3.0 4x""/></div></span></div></div><span class=""text-fragment"" data-a-target=""chat-message-text""> </span><div class=""chat-line__message--emote-button"" data-test-selector=""emote-button""><div class=""InjectLayout-sc-1i43xsx-0 jbmPmA""><span data-a-target=""emote-name""><div class=""Layout-sc-1xcs6mc-0 eRdKzO chat-image__container""><img alt=""xcryOtia"" class=""chat-image chat-line__message--emote"" src=""https://static-cdn.jtvnw.net/emoticons/v2/emotesv2_66adbef7aa1f4444b41727875d87419a/default/dark/1.0"" srcset=""https://static-cdn.jtvnw.net/emoticons/v2/emotesv2_66adbef7aa1f4444b41727875d87419a/default/dark/1.0 1x,https://static-cdn.jtvnw.net/emoticons/v2/emotesv2_66adbef7aa1f4444b41727875d87419a/default/dark/2.0 2x,https://static-cdn.jtvnw.net/emoticons/v2/emotesv2_66adbef7aa1f4444b41727875d87419a/default/dark/3.0 4x""/></div></span></div></div><span class=""text-fragment"" data-a-target=""chat-message-text""> </span><div class=""chat-line__message--emote-button"" data-test-selector=""emote-button""><div class=""InjectLayout-sc-1i43xsx-0 jbmPmA""><span data-a-target=""emote-name""><div class=""Layout-sc-1xcs6mc-0 eRdKzO chat-image__container""><img alt=""xcryOtia"" class=""chat-image chat-line__message--emote"" src=""https://static-cdn.jtvnw.net/emoticons/v2/emotesv2_66adbef7aa1f4444b41727875d87419a/default/dark/1.0"" srcset=""https://static-cdn.jtvnw.net/emoticons/v2/emotesv2_66adbef7aa1f4444b41727875d87419a/default/dark/1.0 1x,https://static-cdn.jtvnw.net/emoticons/v2/emotesv2_66adbef7aa1f4444b41727875d87419a/default/dark/2.0 2x,https://static-cdn.jtvnw.net/emoticons/v2/emotesv2_66adbef7aa1f4444b41727875d87419a/default/dark/3.0 4x""/></div></span></div></div></span>]"
carolina_13,2023-11-16 20:32:43,Ojo,"[<span class="""" data-a-target=""chat-line-message-body""><span class=""text-fragment"" data-a-target=""chat-message-text"">Ojo</span></span>]"
psychocircuit9,2023-11-16 20:32:43,DeberÃ­as hacer cosplay de gojoooo,"[<span class="""" data-a-target=""chat-line-message-body""><span class=""text-fragment"" data-a-target=""chat-message-text"">DeberÃ­as hacer cosplay de gojoooo</span></span>]"
madd2819,2023-11-16 20:32:44,  ,"[<span class="""" data-a-target=""chat-line-message-body""><div class=""chat-line__message--emote-button"" data-test-selector=""emote-button""><div class=""InjectLayout-sc-1i43xsx-0 jbmPmA""><span data-a-target=""emote-name""><div class=""Layout-sc-1xcs6mc-0 eRdKzO chat-image__container""><img alt=""FootYellow"" class=""chat-image chat-line__message--emote"" src=""https://static-cdn.jtvnw.net/emoticons/v2/302628613/default/dark/1.0"" srcset=""https://static-cdn.jtvnw.net/emoticons/v2/302628613/default/dark/1.0 1x,https://static-cdn.jtvnw.net/emoticons/v2/302628613/default/dark/2.0 2x,https://static-cdn.jtvnw.net/emoticons/v2/302628613/default/dark/3.0 4x""/></div></span></div></div><span class=""text-fragment"" data-a-target=""chat-message-text""> </span><div class=""chat-line__message--emote-button"" data-test-selector=""emote-button""><div class=""InjectLayout-sc-1i43xsx-0 jbmPmA""><span data-a-target=""emote-name""><div class=""Layout-sc-1xcs6mc-0 eRdKzO chat-image__container""><img alt=""FootYellow"" class=""chat-image chat-line__message--emote"" src=""https://static-cdn.jtvnw.net/emoticons/v2/302628613/default/dark/1.0"" srcset=""https://static-cdn.jtvnw.net/emoticons/v2/302628613/default/dark/1.0 1x,https://static-cdn.jtvnw.net/emoticons/v2/302628613/default/dark/2.0 2x,https://static-cdn.jtvnw.net/emoticons/v2/302628613/default/dark/3.0 4x""/></div></span></div></div><span class=""text-fragment"" data-a-target=""chat-message-text""> </span><div class=""chat-line__message--emote-button"" data-test-selector=""emote-button""><div class=""InjectLayout-sc-1i43xsx-0 jbmPmA""><span data-a-target=""emote-name""><div class=""Layout-sc-1xcs6mc-0 eRdKzO chat-image__container""><img alt=""FootYellow"" class=""chat-image chat-line__message--emote"" src=""https://static-cdn.jtvnw.net/emoticons/v2/302628613/default/dark/1.0"" srcset=""https://static-cdn.jtvnw.net/emoticons/v2/302628613/default/dark/1.0 1x,https://static-cdn.jtvnw.net/emoticons/v2/302628613/default/dark/2.0 2x,https://static-cdn.jtvnw.net/emoticons/v2/302628613/default/dark/3.0 4x""/></div></span></div></div></span>]"
mabel_ryn,2023-11-16 20:32:44,   ,"[<span class="""" data-a-target=""chat-line-message-body""><div class=""chat-line__message--emote-button"" data-test-selector=""emote-button""><div class=""InjectLayout-sc-1i43xsx-0 jbmPmA""><span data-a-target=""emote-name""><div class=""Layout-sc-1xcs6mc-0 eRdKzO chat-image__container""><img alt=""FootYellow"" class=""chat-image chat-line__message--emote"" src=""https://static-cdn.jtvnw.net/emoticons/v2/302628613/default/dark/1.0"" srcset=""https://static-cdn.jtvnw.net/emoticons/v2/302628613/default/dark/1.0 1x,https://static-cdn.jtvnw.net/emoticons/v2/302628613/default/dark/2.0 2x,https://static-cdn.jtvnw.net/emoticons/v2/302628613/default/dark/3.0 4x""/></div></span></div></div><span class=""text-fragment"" data-a-target=""chat-message-text""> </span><div class=""chat-line__message--emote-button"" data-test-selector=""emote-button""><div class=""InjectLayout-sc-1i43xsx-0 jbmPmA""><span data-a-target=""emote-name""><div class=""Layout-sc-1xcs6mc-0 eRdKzO chat-image__container""><img alt=""FootYellow"" class=""chat-image chat-line__message--emote"" src=""https://static-cdn.jtvnw.net/emoticons/v2/302628613/default/dark/1.0"" srcset=""https://static-cdn.jtvnw.net/emoticons/v2/302628613/default/dark/1.0 1x,https://static-cdn.jtvnw.net/emoticons/v2/302628613/default/dark/2.0 2x,https://static-cdn.jtvnw.net/emoticons/v2/302628613/default/dark/3.0 4x""/></div></span></div></div><span class=""text-fragment"" data-a-target=""chat-message-text""> </span><div class=""chat-line__message--emote-button"" data-test-selector=""emote-button""><div class=""InjectLayout-sc-1i43xsx-0 jbmPmA""><span data-a-target=""emote-name""><div class=""Layout-sc-1xcs6mc-0 eRdKzO chat-image__container""><img alt=""FootYellow"" class=""chat-image chat-line__message--emote"" src=""https://static-cdn.jtvnw.net/emoticons/v2/302628613/default/dark/1.0"" srcset=""https://static-cdn.jtvnw.net/emoticons/v2/302628613/default/dark/1.0 1x,https://static-cdn.jtvnw.net/emoticons/v2/302628613/default/dark/2.0 2x,https://static-cdn.jtvnw.net/emoticons/v2/302628613/default/dark/3.0 4x""/></div></span></div></div><span class=""text-fragment"" data-a-target=""chat-message-text""> </span><div class=""chat-line__message--emote-button"" data-test-selector=""emote-button""><div class=""InjectLayout-sc-1i43xsx-0 jbmPmA""><span data-a-target=""emote-name""><div class=""Layout-sc-1xcs6mc-0 eRdKzO chat-image__container""><img alt=""FootYellow"" class=""chat-image chat-line__message--emote"" src=""https://static-cdn.jtvnw.net/emoticons/v2/302628613/default/dark/1.0"" srcset=""https://static-cdn.jtvnw.net/emoticons/v2/302628613/default/dark/1.0 1x,https://static-cdn.jtvnw.net/emoticons/v2/302628613/default/dark/2.0 2x,https://static-cdn.jtvnw.net/emoticons/v2/302628613/default/dark/3.0 4x""/></div></span></div></div></span>]"
starfirequeen26,2023-11-16 20:32:45,   ,"[<span class="""" data-a-target=""chat-line-message-body""><div class=""chat-line__message--emote-button"" data-test-selector=""emote-button""><div class=""InjectLayout-sc-1i43xsx-0 jbmPmA""><span data-a-target=""emote-name""><div class=""Layout-sc-1xcs6mc-0 eRdKzO chat-image__container""><img alt=""xcryJajaja"" class=""chat-image chat-line__message--emote"" src=""https://static-cdn.jtvnw.net/emoticons/v2/emotesv2_6093022d70874e84a5789435c9819838/default/dark/1.0"" srcset=""https://static-cdn.jtvnw.net/emoticons/v2/emotesv2_6093022d70874e84a5789435c9819838/default/dark/1.0 1x,https://static-cdn.jtvnw.net/emoticons/v2/emotesv2_6093022d70874e84a5789435c9819838/default/dark/2.0 2x,https://static-cdn.jtvnw.net/emoticons/v2/emotesv2_6093022d70874e84a5789435c9819838/default/dark/3.0 4x""/></div></span></div></div><span class=""text-fragment"" data-a-target=""chat-message-text""> </span><div class=""chat-line__message--emote-button"" data-test-selector=""emote-button""><div class=""InjectLayout-sc-1i43xsx-0 jbmPmA""><span data-a-target=""emote-name""><div class=""Layout-sc-1xcs6mc-0 eRdKzO chat-image__container""><img alt=""xcryJajaja"" class=""chat-image chat-line__message--emote"" src=""https://static-cdn.jtvnw.net/emoticons/v2/emotesv2_6093022d70874e84a5789435c9819838/default/dark/1.0"" srcset=""https://static-cdn.jtvnw.net/emoticons/v2/emotesv2_6093022d70874e84a5789435c9819838/default/dark/1.0 1x,https://static-cdn.jtvnw.net/emoticons/v2/emotesv2_6093022d70874e84a5789435c9819838/default/dark/2.0 2x,https://static-cdn.jtvnw.net/emoticons/v2/emotesv2_6093022d70874e84a5789435c9819838/default/dark/3.0 4x""/></div></span></div></div><span class=""text-fragment"" data-a-target=""chat-message-text""> </span><div class=""chat-line__message--emote-button"" data-test-selector=""emote-button""><div class=""InjectLayout-sc-1i43xsx-0 jbmPmA""><span data-a-target=""emote-name""><div class=""Layout-sc-1xcs6mc-0 eRdKzO chat-image__container""><img alt=""xcryJajaja"" class=""chat-image chat-line__message--emote"" src=""https://static-cdn.jtvnw.net/emoticons/v2/emotesv2_6093022d70874e84a5789435c9819838/default/dark/1.0"" srcset=""https://static-cdn.jtvnw.net/emoticons/v2/emotesv2_6093022d70874e84a5789435c9819838/default/dark/1.0 1x,https://static-cdn.jtvnw.net/emoticons/v2/emotesv2_6093022d70874e84a5789435c9819838/default/dark/2.0 2x,https://static-cdn.jtvnw.net/emoticons/v2/emotesv2_6093022d70874e84a5789435c9819838/default/dark/3.0 4x""/></div></span></div></div><span class=""text-fragment"" data-a-target=""chat-message-text""> </span><div class=""chat-line__message--emote-button"" data-test-selector=""emote-button""><div class=""InjectLayout-sc-1i43xsx-0 jbmPmA""><span data-a-target=""emote-name""><div class=""Layout-sc-1xcs6mc-0 eRdKzO chat-image__container""><img alt=""xcryJajaja"" class=""chat-image chat-line__message--emote"" src=""https://static-cdn.jtvnw.net/emoticons/v2/emotesv2_6093022d70874e84a5789435c9819838/default/dark/1.0"" srcset=""https://static-cdn.jtvnw.net/emoticons/v2/emotesv2_6093022d70874e84a5789435c9819838/default/dark/1.0 1x,https://static-cdn.jtvnw.net/emoticons/v2/emotesv2_6093022d70874e84a5789435c9819838/default/dark/2.0 2x,https://static-cdn.jtvnw.net/emoticons/v2/emotesv2_6093022d70874e84a5789435c9819838/default/dark/3.0 4x""/></div></span></div></div></span>]"
lujanxmlp,2023-11-16 20:32:45,Opaaa,"[<span class="""" data-a-target=""chat-line-message-body""><span class=""text-fragment"" data-a-target=""chat-message-text"">Opaaa</span></span>]"
airybyrose,2023-11-16 20:32:45,   ,"[<span class="""" data-a-target=""chat-line-message-body""><div class=""chat-line__message--emote-button"" data-test-selector=""emote-button""><div class=""InjectLayout-sc-1i43xsx-0 jbmPmA""><span data-a-target=""emote-name""><div class=""Layout-sc-1xcs6mc-0 eRdKzO chat-image__container""><img alt=""FootYellow"" class=""chat-image chat-line__message--emote"" src=""https://static-cdn.jtvnw.net/emoticons/v2/302628613/default/dark/1.0"" srcset=""https://static-cdn.jtvnw.net/emoticons/v2/302628613/default/dark/1.0 1x,https://static-cdn.jtvnw.net/emoticons/v2/302628613/default/dark/2.0 2x,https://static-cdn.jtvnw.net/emoticons/v2/302628613/default/dark/3.0 4x""/></div></span></div></div><span class=""text-fragment"" data-a-target=""chat-message-text""> </span><div class=""chat-line__message--emote-button"" data-test-selector=""emote-button""><div class=""InjectLayout-sc-1i43xsx-0 jbmPmA""><span data-a-target=""emote-name""><div class=""Layout-sc-1xcs6mc-0 eRdKzO chat-image__container""><img alt=""FootYellow"" class=""chat-image chat-line__message--emote"" src=""https://static-cdn.jtvnw.net/emoticons/v2/302628613/default/dark/1.0"" srcset=""https://static-cdn.jtvnw.net/emoticons/v2/302628613/default/dark/1.0 1x,https://static-cdn.jtvnw.net/emoticons/v2/302628613/default/dark/2.0 2x,https://static-cdn.jtvnw.net/emoticons/v2/302628613/default/dark/3.0 4x""/></div></span></div></div><span class=""text-fragment"" data-a-target=""chat-message-text""> </span><div class=""chat-line__message--emote-button"" data-test-selector=""emote-button""><div class=""InjectLayout-sc-1i43xsx-0 jbmPmA""><span data-a-target=""emote-name""><div class=""Layout-sc-1xcs6mc-0 eRdKzO chat-image__container""><img alt=""FootYellow"" class=""chat-image chat-line__message--emote"" src=""https://static-cdn.jtvnw.net/emoticons/v2/302628613/default/dark/1.0"" srcset=""https://static-cdn.jtvnw.net/emoticons/v2/302628613/default/dark/1.0 1x,https://static-cdn.jtvnw.net/emoticons/v2/302628613/default/dark/2.0 2x,https://static-cdn.jtvnw.net/emoticons/v2/302628613/default/dark/3.0 4x""/></div></span></div></div><span class=""text-fragment"" data-a-target=""chat-message-text""> </span><div class=""chat-line__message--emote-button"" data-test-selector=""emote-button""><div class=""InjectLayout-sc-1i43xsx-0 jbmPmA""><span data-a-target=""emote-name""><div class=""Layout-sc-1xcs6mc-0 eRdKzO chat-image__container""><img alt=""FootYellow"" class=""chat-image chat-line__message--emote"" src=""https://static-cdn.jtvnw.net/emoticons/v2/302628613/default/dark/1.0"" srcset=""https://static-cdn.jtvnw.net/emoticons/v2/302628613/default/dark/1.0 1x,https://static-cdn.jtvnw.net/emoticons/v2/302628613/default/dark/2.0 2x,https://static-cdn.jtvnw.net/emoticons/v2/302628613/default/dark/3.0 4x""/></div></span></div></div></span>]"
casesinterlude,2023-11-16 20:32:45,     ,"[<span class="""" data-a-target=""chat-line-message-body""><div class=""chat-line__message--emote-button"" data-test-selector=""emote-button""><div class=""InjectLayout-sc-1i43xsx-0 jbmPmA""><span data-a-target=""emote-name""><div class=""Layout-sc-1xcs6mc-0 eRdKzO chat-image__container""><img alt=""FootYellow"" class=""chat-image chat-line__message--emote"" src=""https://static-cdn.jtvnw.net/emoticons/v2/302628613/default/dark/1.0"" srcset=""https://static-cdn.jtvnw.net/emoticons/v2/302628613/default/dark/1.0 1x,https://static-cdn.jtvnw.net/emoticons/v2/302628613/default/dark/2.0 2x,https://static-cdn.jtvnw.net/emoticons/v2/302628613/default/dark/3.0 4x""/></div></span></div></div><span class=""text-fragment"" data-a-target=""chat-message-text""> </span><div class=""chat-line__message--emote-button"" data-test-selector=""emote-button""><div class=""InjectLayout-sc-1i43xsx-0 jbmPmA""><span data-a-target=""emote-name""><div class=""Layout-sc-1xcs6mc-0 eRdKzO chat-image__container""><img alt=""FootYellow"" class=""chat-image chat-line__message--emote"" src=""https://static-cdn.jtvnw.net/emoticons/v2/302628613/default/dark/1.0"" srcset=""https://static-cdn.jtvnw.net/emoticons/v2/302628613/default/dark/1.0 1x,https://static-cdn.jtvnw.net/emoticons/v2/302628613/default/dark/2.0 2x,https://static-cdn.jtvnw.net/emoticons/v2/302628613/default/dark/3.0 4x""/></div></span></div></div><span class=""text-fragment"" data-a-target=""chat-message-text""> </span><div class=""chat-line__message--emote-button"" data-test-selector=""emote-button""><div class=""InjectLayout-sc-1i43xsx-0 jbmPmA""><span data-a-target=""emote-name""><div class=""Layout-sc-1xcs6mc-0 eRdKzO chat-image__container""><img alt=""FootYellow"" class=""chat-image chat-line__message--emote"" src=""https://static-cdn.jtvnw.net/emoticons/v2/302628613/default/dark/1.0"" srcset=""https://static-cdn.jtvnw.net/emoticons/v2/302628613/default/dark/1.0 1x,https://static-cdn.jtvnw.net/emoticons/v2/302628613/default/dark/2.0 2x,https://static-cdn.jtvnw.net/emoticons/v2/302628613/default/dark/3.0 4x""/></div></span></div></div><span class=""text-fragment"" data-a-target=""chat-message-text""> </span><div class=""chat-line__message--emote-button"" data-test-selector=""emote-button""><div class=""InjectLayout-sc-1i43xsx-0 jbmPmA""><span data-a-target=""emote-name""><div class=""Layout-sc-1xcs6mc-0 eRdKzO chat-image__container""><img alt=""FootYellow"" class=""chat-image chat-line__message--emote"" src=""https://static-cdn.jtvnw.net/emoticons/v2/302628613/default/dark/1.0"" srcset=""https://static-cdn.jtvnw.net/emoticons/v2/302628613/default/dark/1.0 1x,https://static-cdn.jtvnw.net/emoticons/v2/302628613/default/dark/2.0 2x,https://static-cdn.jtvnw.net/emoticons/v2/302628613/default/dark/3.0 4x""/></div></span></div></div><span class=""text-fragment"" data-a-target=""chat-message-text""> </span><div class=""chat-line__message--emote-button"" data-test-selector=""emote-button""><div class=""InjectLayout-sc-1i43xsx-0 jbmPmA""><span data-a-target=""emote-name""><div class=""Layout-sc-1xcs6mc-0 eRdKzO chat-image__container""><img alt=""FootYellow"" class=""chat-image chat-line__message--emote"" src=""https://static-cdn.jtvnw.net/emoticons/v2/302628613/default/dark/1.0"" srcset=""https://static-cdn.jtvnw.net/emoticons/v2/302628613/default/dark/1.0 1x,https://static-cdn.jtvnw.net/emoticons/v2/302628613/default/dark/2.0 2x,https://static-cdn.jtvnw.net/emoticons/v2/302628613/default/dark/3.0 4x""/></div></span></div></div><span class=""text-fragment"" data-a-target=""chat-message-text""> </span><div class=""chat-line__message--emote-button"" data-test-selector=""emote-button""><div class=""InjectLayout-sc-1i43xsx-0 jbmPmA""><span data-a-target=""emote-name""><div class=""Layout-sc-1xcs6mc-0 eRdKzO chat-image__container""><img alt=""FootYellow"" class=""chat-image chat-line__message--emote"" src=""https://static-cdn.jtvnw.net/emoticons/v2/302628613/default/dark/1.0"" srcset=""https://static-cdn.jtvnw.net/emoticons/v2/302628613/default/dark/1.0 1x,https://static-cdn.jtvnw.net/emoticons/v2/302628613/default/dark/2.0 2x,https://static-cdn.jtvnw.net/emoticons/v2/302628613/default/dark/3.0 4x""/></div></span></div></div></span>]"
vambi_05,2023-11-16 20:32:45,   ,"[<span class="""" data-a-target=""chat-line-message-body""><div class=""chat-line__message--emote-button"" data-test-selector=""emote-button""><div class=""InjectLayout-sc-1i43xsx-0 jbmPmA""><span data-a-target=""emote-name""><div class=""Layout-sc-1xcs6mc-0 eRdKzO chat-image__container""><img alt=""FootYellow"" class=""chat-image chat-line__message--emote"" src=""https://static-cdn.jtvnw.net/emoticons/v2/302628613/default/dark/1.0"" srcset=""https://static-cdn.jtvnw.net/emoticons/v2/302628613/default/dark/1.0 1x,https://static-cdn.jtvnw.net/emoticons/v2/302628613/default/dark/2.0 2x,https://static-cdn.jtvnw.net/emoticons/v2/302628613/default/dark/3.0 4x""/></div></span></div></div><span class=""text-fragment"" data-a-target=""chat-message-text""> </span><div class=""chat-line__message--emote-button"" data-test-selector=""emote-button""><div class=""InjectLayout-sc-1i43xsx-0 jbmPmA""><span data-a-target=""emote-name""><div class=""Layout-sc-1xcs6mc-0 eRdKzO chat-image__container""><img alt=""FootYellow"" class=""chat-image chat-line__message--emote"" src=""https://static-cdn.jtvnw.net/emoticons/v2/302628613/default/dark/1.0"" srcset=""https://static-cdn.jtvnw.net/emoticons/v2/302628613/default/dark/1.0 1x,https://static-cdn.jtvnw.net/emoticons/v2/302628613/default/dark/2.0 2x,https://static-cdn.jtvnw.net/emoticons/v2/302628613/default/dark/3.0 4x""/></div></span></div></div><span class=""text-fragment"" data-a-target=""chat-message-text""> </span><div class=""chat-line__message--emote-button"" data-test-selector=""emote-button""><div class=""InjectLayout-sc-1i43xsx-0 jbmPmA""><span data-a-target=""emote-name""><div class=""Layout-sc-1xcs6mc-0 eRdKzO chat-image__container""><img alt=""FootYellow"" class=""chat-image chat-line__message--emote"" src=""https://static-cdn.jtvnw.net/emoticons/v2/302628613/default/dark/1.0"" srcset=""https://static-cdn.jtvnw.net/emoticons/v2/302628613/default/dark/1.0 1x,https://static-cdn.jtvnw.net/emoticons/v2/302628613/default/dark/2.0 2x,https://static-cdn.jtvnw.net/emoticons/v2/302628613/default/dark/3.0 4x""/></div></span></div></div><span class=""text-fragment"" data-a-target=""chat-message-text""> </span><div class=""chat-line__message--emote-button"" data-test-selector=""emote-button""><div class=""InjectLayout-sc-1i43xsx-0 jbmPmA""><span data-a-target=""emote-name""><div class=""Layout-sc-1xcs6mc-0 eRdKzO chat-image__container""><img alt=""FootYellow"" class=""chat-image chat-line__message--emote"" src=""https://static-cdn.jtvnw.net/emoticons/v2/302628613/default/dark/1.0"" srcset=""https://static-cdn.jtvnw.net/emoticons/v2/302628613/default/dark/1.0 1x,https://static-cdn.jtvnw.net/emoticons/v2/302628613/default/dark/2.0 2x,https://static-cdn.jtvnw.net/emoticons/v2/302628613/default/dark/3.0 4x""/></div></span></div></div></span>]"
loremorales31,2023-11-16 20:32:45,     ,"[<span class="""" data-a-target=""chat-line-message-body""><div class=""chat-line__message--emote-button"" data-test-selector=""emote-button""><div class=""InjectLayout-sc-1i43xsx-0 jbmPmA""><span data-a-target=""emote-name""><div class=""Layout-sc-1xcs6mc-0 eRdKzO chat-image__container""><img alt=""FootYellow"" class=""chat-image chat-line__message--emote"" src=""https://static-cdn.jtvnw.net/emoticons/v2/302628613/default/dark/1.0"" srcset=""https://static-cdn.jtvnw.net/emoticons/v2/302628613/default/dark/1.0 1x,https://static-cdn.jtvnw.net/emoticons/v2/302628613/default/dark/2.0 2x,https://static-cdn.jtvnw.net/emoticons/v2/302628613/default/dark/3.0 4x""/></div></span></div></div><span class=""text-fragment"" data-a-target=""chat-message-text""> </span><div class=""chat-line__message--emote-button"" data-test-selector=""emote-button""><div class=""InjectLayout-sc-1i43xsx-0 jbmPmA""><span data-a-target=""emote-name""><div class=""Layout-sc-1xcs6mc-0 eRdKzO chat-image__container""><img alt=""FootYellow"" class=""chat-image chat-line__message--emote"" src=""https://static-cdn.jtvnw.net/emoticons/v2/302628613/default/dark/1.0"" srcset=""https://static-cdn.jtvnw.net/emoticons/v2/302628613/default/dark/1.0 1x,https://static-cdn.jtvnw.net/emoticons/v2/302628613/default/dark/2.0 2x,https://static-cdn.jtvnw.net/emoticons/v2/302628613/default/dark/3.0 4x""/></div></span></div></div><span class=""text-fragment"" data-a-target=""chat-message-text""> </span><div class=""chat-line__message--emote-button"" data-test-selector=""emote-button""><div class=""InjectLayout-sc-1i43xsx-0 jbmPmA""><span data-a-target=""emote-name""><div class=""Layout-sc-1xcs6mc-0 eRdKzO chat-image__container""><img alt=""FootYellow"" class=""chat-image chat-line__message--emote"" src=""https://static-cdn.jtvnw.net/emoticons/v2/302628613/default/dark/1.0"" srcset=""https://static-cdn.jtvnw.net/emoticons/v2/302628613/default/dark/1.0 1x,https://static-cdn.jtvnw.net/emoticons/v2/302628613/default/dark/2.0 2x,https://static-cdn.jtvnw.net/emoticons/v2/302628613/default/dark/3.0 4x""/></div></span></div></div><span class=""text-fragment"" data-a-target=""chat-message-text""> </span><div class=""chat-line__message--emote-button"" data-test-selector=""emote-button""><div class=""InjectLayout-sc-1i43xsx-0 jbmPmA""><span data-a-target=""emote-name""><div class=""Layout-sc-1xcs6mc-0 eRdKzO chat-image__container""><img alt=""FootYellow"" class=""chat-image chat-line__message--emote"" src=""https://static-cdn.jtvnw.net/emoticons/v2/302628613/default/dark/1.0"" srcset=""https://static-cdn.jtvnw.net/emoticons/v2/302628613/default/dark/1.0 1x,https://static-cdn.jtvnw.net/emoticons/v2/302628613/default/dark/2.0 2x,https://static-cdn.jtvnw.net/emoticons/v2/302628613/default/dark/3.0 4x""/></div></span></div></div><span class=""text-fragment"" data-a-target=""chat-message-text""> </span><div class=""chat-line__message--emote-button"" data-test-selector=""emote-button""><div class=""InjectLayout-sc-1i43xsx-0 jbmPmA""><span data-a-target=""emote-name""><div class=""Layout-sc-1xcs6mc-0 eRdKzO chat-image__container""><img alt=""FootYellow"" class=""chat-image chat-line__message--emote"" src=""https://static-cdn.jtvnw.net/emoticons/v2/302628613/default/dark/1.0"" srcset=""https://static-cdn.jtvnw.net/emoticons/v2/302628613/default/dark/1.0 1x,https://static-cdn.jtvnw.net/emoticons/v2/302628613/default/dark/2.0 2x,https://static-cdn.jtvnw.net/emoticons/v2/302628613/default/dark/3.0 4x""/></div></span></div></div><span class=""text-fragment"" data-a-target=""chat-message-text""> </span><div class=""chat-line__message--emote-button"" data-test-selector=""emote-button""><div class=""InjectLayout-sc-1i43xsx-0 jbmPmA""><span data-a-target=""emote-name""><div class=""Layout-sc-1xcs6mc-0 eRdKzO chat-image__container""><img alt=""FootYellow"" class=""chat-image chat-line__message--emote"" src=""https://static-cdn.jtvnw.net/emoticons/v2/302628613/default/dark/1.0"" srcset=""https://static-cdn.jtvnw.net/emoticons/v2/302628613/default/dark/1.0 1x,https://static-cdn.jtvnw.net/emoticons/v2/302628613/default/dark/2.0 2x,https://static-cdn.jtvnw.net/emoticons/v2/302628613/default/dark/3.0 4x""/></div></span></div></div></span>]"
moral3skk,2023-11-16 20:32:45,SE MUEREEEEEE,"[<span class="""" data-a-target=""chat-line-message-body""><span class=""text-fragment"" data-a-target=""chat-message-text"">SE MUEREEEEEE</span></span>]"
arianavbl,2023-11-16 20:32:46,epa,"[<span class="""" data-a-target=""chat-line-message-body""><span class=""text-fragment"" data-a-target=""chat-message-text"">epa</span></span>]"
val_eeeeeeeee,2023-11-16 20:32:46,OJOOOOO,"[<span class="""" data-a-target=""chat-line-message-body""><span class=""text-fragment"" data-a-target=""chat-message-text"">OJOOOOO</span></span>]"
xcami_23,2023-11-16 20:32:46,JAJAJAJA,"[<span class="""" data-a-target=""chat-line-message-body""><span class=""text-fragment"" data-a-target=""chat-message-text"">JAJAJAJA</span></span>]"
lore_melmel,2023-11-16 20:32:46,WINX,"[<span class="""" data-a-target=""chat-line-message-body""><span class=""text-fragment"" data-a-target=""chat-message-text"">WINX</span></span>]"
fernadyusi,2023-11-16 20:32:46,Ufff,"[<span class="""" data-a-target=""chat-line-message-body""><span class=""text-fragment"" data-a-target=""chat-message-text"">Ufff</span></span>]"
yolisille,2023-11-16 20:32:46,            ,"[<span class="""" data-a-target=""chat-line-message-body""><div class=""chat-line__message--emote-button"" data-test-selector=""emote-button""><div class=""InjectLayout-sc-1i43xsx-0 jbmPmA""><span data-a-target=""emote-name""><div class=""Layout-sc-1xcs6mc-0 eRdKzO chat-image__container""><img alt=""FootYellow"" class=""chat-image chat-line__message--emote"" src=""https://static-cdn.jtvnw.net/emoticons/v2/302628613/default/dark/1.0"" srcset=""https://static-cdn.jtvnw.net/emoticons/v2/302628613/default/dark/1.0 1x,https://static-cdn.jtvnw.net/emoticons/v2/302628613/default/dark/2.0 2x,https://static-cdn.jtvnw.net/emoticons/v2/302628613/default/dark/3.0 4x""/></div></span></div></div><span class=""text-fragment"" data-a-target=""chat-message-text""> </span><div class=""chat-line__message--emote-button"" data-test-selector=""emote-button""><div class=""InjectLayout-sc-1i43xsx-0 jbmPmA""><span data-a-target=""emote-name""><div class=""Layout-sc-1xcs6mc-0 eRdKzO chat-image__container""><img alt=""FootYellow"" class=""chat-image chat-line__message--emote"" src=""https://static-cdn.jtvnw.net/emoticons/v2/302628613/default/dark/1.0"" srcset=""https://static-cdn.jtvnw.net/emoticons/v2/302628613/default/dark/1.0 1x,https://static-cdn.jtvnw.net/emoticons/v2/302628613/default/dark/2.0 2x,https://static-cdn.jtvnw.net/emoticons/v2/302628613/default/dark/3.0 4x""/></div></span></div></div><span class=""text-fragment"" data-a-target=""chat-message-text""> </span><div class=""chat-line__message--emote-button"" data-test-selector=""emote-button""><div class=""InjectLayout-sc-1i43xsx-0 jbmPmA""><span data-a-target=""emote-name""><div class=""Layout-sc-1xcs6mc-0 eRdKzO chat-image__container""><img alt=""FootYellow"" class=""chat-image chat-line__message--emote"" src=""https://static-cdn.jtvnw.net/emoticons/v2/302628613/default/dark/1.0"" srcset=""https://static-cdn.jtvnw.net/emoticons/v2/302628613/default/dark/1.0 1x,https://static-cdn.jtvnw.net/emoticons/v2/302628613/default/dark/2.0 2x,https://static-cdn.jtvnw.net/emoticons/v2/302628613/default/dark/3.0 4x""/></div></span></div></div><span class=""text-fragment"" data-a-target=""chat-message-text""> </span><div class=""chat-line__message--emote-button"" data-test-selector=""emote-button""><div class=""InjectLayout-sc-1i43xsx-0 jbmPmA""><span data-a-target=""emote-name""><div class=""Layout-sc-1xcs6mc-0 eRdKzO chat-image__container""><img alt=""FootYellow"" class=""chat-image chat-line__message--emote"" src=""https://static-cdn.jtvnw.net/emoticons/v2/302628613/default/dark/1.0"" srcset=""https://static-cdn.jtvnw.net/emoticons/v2/302628613/default/dark/1.0 1x,https://static-cdn.jtvnw.net/emoticons/v2/302628613/default/dark/2.0 2x,https://static-cdn.jtvnw.net/emoticons/v2/302628613/default/dark/3.0 4x""/></div></span></div></div><span class=""text-fragment"" data-a-target=""chat-message-text""> </span><div class=""chat-line__message--emote-button"" data-test-selector=""emote-button""><div class=""InjectLayout-sc-1i43xsx-0 jbmPmA""><span data-a-target=""emote-name""><div class=""Layout-sc-1xcs6mc-0 eRdKzO chat-image__container""><img alt=""FootYellow"" class=""chat-image chat-line__message--emote"" src=""https://static-cdn.jtvnw.net/emoticons/v2/302628613/default/dark/1.0"" srcset=""https://static-cdn.jtvnw.net/emoticons/v2/302628613/default/dark/1.0 1x,https://static-cdn.jtvnw.net/emoticons/v2/302628613/default/dark/2.0 2x,https://static-cdn.jtvnw.net/emoticons/v2/302628613/default/dark/3.0 4x""/></div></span></div></div><span class=""text-fragment"" data-a-target=""chat-message-text""> </span><div class=""chat-line__message--emote-button"" data-test-selector=""emote-button""><div class=""InjectLayout-sc-1i43xsx-0 jbmPmA""><span data-a-target=""emote-name""><div class=""Layout-sc-1xcs6mc-0 eRdKzO chat-image__container""><img alt=""FootYellow"" class=""chat-image chat-line__message--emote"" src=""https://static-cdn.jtvnw.net/emoticons/v2/302628613/default/dark/1.0"" srcset=""https://static-cdn.jtvnw.net/emoticons/v2/302628613/default/dark/1.0 1x,https://static-cdn.jtvnw.net/emoticons/v2/302628613/default/dark/2.0 2x,https://static-cdn.jtvnw.net/emoticons/v2/302628613/default/dark/3.0 4x""/></div></span></div></div><span class=""text-fragment"" data-a-target=""chat-message-text""> </span><div class=""chat-line__message--emote-button"" data-test-selector=""emote-button""><div class=""InjectLayout-sc-1i43xsx-0 jbmPmA""><span data-a-target=""emote-name""><div class=""Layout-sc-1xcs6mc-0 eRdKzO chat-image__container""><img alt=""FootYellow"" class=""chat-image chat-line__message--emote"" src=""https://static-cdn.jtvnw.net/emoticons/v2/302628613/default/dark/1.0"" srcset=""https://static-cdn.jtvnw.net/emoticons/v2/302628613/default/dark/1.0 1x,https://static-cdn.jtvnw.net/emoticons/v2/302628613/default/dark/2.0 2x,https://static-cdn.jtvnw.net/emoticons/v2/302628613/default/dark/3.0 4x""/></div></span></div></div><span class=""text-fragment"" data-a-target=""chat-message-text""> </span><div class=""chat-line__message--emote-button"" data-test-selector=""emote-button""><div class=""InjectLayout-sc-1i43xsx-0 jbmPmA""><span data-a-target=""emote-name""><div class=""Layout-sc-1xcs6mc-0 eRdKzO chat-image__container""><img alt=""FootYellow"" class=""chat-image chat-line__message--emote"" src=""https://static-cdn.jtvnw.net/emoticons/v2/302628613/default/dark/1.0"" srcset=""https://static-cdn.jtvnw.net/emoticons/v2/302628613/default/dark/1.0 1x,https://static-cdn.jtvnw.net/emoticons/v2/302628613/default/dark/2.0 2x,https://static-cdn.jtvnw.net/emoticons/v2/302628613/default/dark/3.0 4x""/></div></span></div></div><span class=""text-fragment"" data-a-target=""chat-message-text""> </span><div class=""chat-line__message--emote-button"" data-test-selector=""emote-button""><div class=""InjectLayout-sc-1i43xsx-0 jbmPmA""><span data-a-target=""emote-name""><div class=""Layout-sc-1xcs6mc-0 eRdKzO chat-image__container""><img alt=""FootYellow"" class=""chat-image chat-line__message--emote"" src=""https://static-cdn.jtvnw.net/emoticons/v2/302628613/default/dark/1.0"" srcset=""https://static-cdn.jtvnw.net/emoticons/v2/302628613/default/dark/1.0 1x,https://static-cdn.jtvnw.net/emoticons/v2/302628613/default/dark/2.0 2x,https://static-cdn.jtvnw.net/emoticons/v2/302628613/default/dark/3.0 4x""/></div></span></div></div><span class=""text-fragment"" data-a-target=""chat-message-text""> </span><div class=""chat-line__message--emote-button"" data-test-selector=""emote-button""><div class=""InjectLayout-sc-1i43xsx-0 jbmPmA""><span data-a-target=""emote-name""><div class=""Layout-sc-1xcs6mc-0 eRdKzO chat-image__container""><img alt=""FootYellow"" class=""chat-image chat-line__message--emote"" src=""https://static-cdn.jtvnw.net/emoticons/v2/302628613/default/dark/1.0"" srcset=""https://static-cdn.jtvnw.net/emoticons/v2/302628613/default/dark/1.0 1x,https://static-cdn.jtvnw.net/emoticons/v2/302628613/default/dark/2.0 2x,https://static-cdn.jtvnw.net/emoticons/v2/302628613/default/dark/3.0 4x""/></div></span></div></div><span class=""text-fragment"" data-a-target=""chat-message-text""> </span><div class=""chat-line__message--emote-button"" data-test-selector=""emote-button""><div class=""InjectLayout-sc-1i43xsx-0 jbmPmA""><span data-a-target=""emote-name""><div class=""Layout-sc-1xcs6mc-0 eRdKzO chat-image__container""><img alt=""FootYellow"" class=""chat-image chat-line__message--emote"" src=""https://static-cdn.jtvnw.net/emoticons/v2/302628613/default/dark/1.0"" srcset=""https://static-cdn.jtvnw.net/emoticons/v2/302628613/default/dark/1.0 1x,https://static-cdn.jtvnw.net/emoticons/v2/302628613/default/dark/2.0 2x,https://static-cdn.jtvnw.net/emoticons/v2/302628613/default/dark/3.0 4x""/></div></span></div></div><span class=""text-fragment"" data-a-target=""chat-message-text""> </span><div class=""chat-line__message--emote-button"" data-test-selector=""emote-button""><div class=""InjectLayout-sc-1i43xsx-0 jbmPmA""><span data-a-target=""emote-name""><div class=""Layout-sc-1xcs6mc-0 eRdKzO chat-image__container""><img alt=""FootYellow"" class=""chat-image chat-line__message--emote"" src=""https://static-cdn.jtvnw.net/emoticons/v2/302628613/default/dark/1.0"" srcset=""https://static-cdn.jtvnw.net/emoticons/v2/302628613/default/dark/1.0 1x,https://static-cdn.jtvnw.net/emoticons/v2/302628613/default/dark/2.0 2x,https://static-cdn.jtvnw.net/emoticons/v2/302628613/default/dark/3.0 4x""/></div></span></div></div><span class=""text-fragment"" data-a-target=""chat-message-text""> </span><div class=""chat-line__message--emote-button"" data-test-selector=""emote-button""><div class=""InjectLayout-sc-1i43xsx-0 jbmPmA""><span data-a-target=""emote-name""><div class=""Layout-sc-1xcs6mc-0 eRdKzO chat-image__container""><img alt=""FootYellow"" class=""chat-image chat-line__message--emote"" src=""https://static-cdn.jtvnw.net/emoticons/v2/302628613/default/dark/1.0"" srcset=""https://static-cdn.jtvnw.net/emoticons/v2/302628613/default/dark/1.0 1x,https://static-cdn.jtvnw.net/emoticons/v2/302628613/default/dark/2.0 2x,https://static-cdn.jtvnw.net/emoticons/v2/302628613/default/dark/3.0 4x""/></div></span></div></div></span>]"
needwalc,2023-11-16 20:32:46,SE PARECE A WHEEIN,"[<span class="""" data-a-target=""chat-line-message-body""><span class=""text-fragment"" data-a-target=""chat-message-text"">SE PARECE A WHEEIN</span></span>]"
dsuyneh,2023-11-16 20:32:47,Holas,"[<span class="""" data-a-target=""chat-line-message-body""><span class=""text-fragment"" data-a-target=""chat-message-text"">Holas</span></span>]"
beli_stt,2023-11-16 20:32:47,Gojo,"[<span class="""" data-a-target=""chat-line-message-body""><span class=""text-fragment"" data-a-target=""chat-message-text"">Gojo</span></span>]"
sheccidta,2023-11-16 20:32:47,  ,"[<span class="""" data-a-target=""chat-line-message-body""><div class=""chat-line__message--emote-button"" data-test-selector=""emote-button""><div class=""InjectLayout-sc-1i43xsx-0 jbmPmA""><span data-a-target=""emote-name""><div class=""Layout-sc-1xcs6mc-0 eRdKzO chat-image__container""><img alt=""bleedPurple"" class=""chat-image chat-line__message--emote"" src=""https://static-cdn.jtvnw.net/emoticons/v2/62835/default/dark/1.0"" srcset=""https://static-cdn.jtvnw.net/emoticons/v2/62835/default/dark/1.0 1x,https://static-cdn.jtvnw.net/emoticons/v2/62835/default/dark/2.0 2x,https://static-cdn.jtvnw.net/emoticons/v2/62835/default/dark/3.0 4x""/></div></span></div></div><span class=""text-fragment"" data-a-target=""chat-message-text""> </span><div class=""chat-line__message--emote-button"" data-test-selector=""emote-button""><div class=""InjectLayout-sc-1i43xsx-0 jbmPmA""><span data-a-target=""emote-name""><div class=""Layout-sc-1xcs6mc-0 eRdKzO chat-image__container""><img alt=""bleedPurple"" class=""chat-image chat-line__message--emote"" src=""https://static-cdn.jtvnw.net/emoticons/v2/62835/default/dark/1.0"" srcset=""https://static-cdn.jtvnw.net/emoticons/v2/62835/default/dark/1.0 1x,https://static-cdn.jtvnw.net/emoticons/v2/62835/default/dark/2.0 2x,https://static-cdn.jtvnw.net/emoticons/v2/62835/default/dark/3.0 4x""/></div></span></div></div><span class=""text-fragment"" data-a-target=""chat-message-text""> </span><div class=""chat-line__message--emote-button"" data-test-selector=""emote-button""><div class=""InjectLayout-sc-1i43xsx-0 jbmPmA""><span data-a-target=""emote-name""><div class=""Layout-sc-1xcs6mc-0 eRdKzO chat-image__container""><img alt=""bleedPurple"" class=""chat-image chat-line__message--emote"" src=""https://static-cdn.jtvnw.net/emoticons/v2/62835/default/dark/1.0"" srcset=""https://static-cdn.jtvnw.net/emoticons/v2/62835/default/dark/1.0 1x,https://static-cdn.jtvnw.net/emoticons/v2/62835/default/dark/2.0 2x,https://static-cdn.jtvnw.net/emoticons/v2/62835/default/dark/3.0 4x""/></div></span></div></div></span>]"
karen041001,2023-11-16 20:32:47,   ,"[<span class="""" data-a-target=""chat-line-message-body""><div class=""chat-line__message--emote-button"" data-test-selector=""emote-button""><div class=""InjectLayout-sc-1i43xsx-0 jbmPmA""><span data-a-target=""emote-name""><div class=""Layout-sc-1xcs6mc-0 eRdKzO chat-image__container""><img alt=""FootYellow"" class=""chat-image chat-line__message--emote"" src=""https://static-cdn.jtvnw.net/emoticons/v2/302628613/default/dark/1.0"" srcset=""https://static-cdn.jtvnw.net/emoticons/v2/302628613/default/dark/1.0 1x,https://static-cdn.jtvnw.net/emoticons/v2/302628613/default/dark/2.0 2x,https://static-cdn.jtvnw.net/emoticons/v2/302628613/default/dark/3.0 4x""/></div></span></div></div><span class=""text-fragment"" data-a-target=""chat-message-text""> </span><div class=""chat-line__message--emote-button"" data-test-selector=""emote-button""><div class=""InjectLayout-sc-1i43xsx-0 jbmPmA""><span data-a-target=""emote-name""><div class=""Layout-sc-1xcs6mc-0 eRdKzO chat-image__container""><img alt=""FootYellow"" class=""chat-image chat-line__message--emote"" src=""https://static-cdn.jtvnw.net/emoticons/v2/302628613/default/dark/1.0"" srcset=""https://static-cdn.jtvnw.net/emoticons/v2/302628613/default/dark/1.0 1x,https://static-cdn.jtvnw.net/emoticons/v2/302628613/default/dark/2.0 2x,https://static-cdn.jtvnw.net/emoticons/v2/302628613/default/dark/3.0 4x""/></div></span></div></div><span class=""text-fragment"" data-a-target=""chat-message-text""> </span><div class=""chat-line__message--emote-button"" data-test-selector=""emote-button""><div class=""InjectLayout-sc-1i43xsx-0 jbmPmA""><span data-a-target=""emote-name""><div class=""Layout-sc-1xcs6mc-0 eRdKzO chat-image__container""><img alt=""FootYellow"" class=""chat-image chat-line__message--emote"" src=""https://static-cdn.jtvnw.net/emoticons/v2/302628613/default/dark/1.0"" srcset=""https://static-cdn.jtvnw.net/emoticons/v2/302628613/default/dark/1.0 1x,https://static-cdn.jtvnw.net/emoticons/v2/302628613/default/dark/2.0 2x,https://static-cdn.jtvnw.net/emoticons/v2/302628613/default/dark/3.0 4x""/></div></span></div></div><span class=""text-fragment"" data-a-target=""chat-message-text""> </span><div class=""chat-line__message--emote-button"" data-test-selector=""emote-button""><div class=""InjectLayout-sc-1i43xsx-0 jbmPmA""><span data-a-target=""emote-name""><div class=""Layout-sc-1xcs6mc-0 eRdKzO chat-image__container""><img alt=""FootYellow"" class=""chat-image chat-line__message--emote"" src=""https://static-cdn.jtvnw.net/emoticons/v2/302628613/default/dark/1.0"" srcset=""https://static-cdn.jtvnw.net/emoticons/v2/302628613/default/dark/1.0 1x,https://static-cdn.jtvnw.net/emoticons/v2/302628613/default/dark/2.0 2x,https://static-cdn.jtvnw.net/emoticons/v2/302628613/default/dark/3.0 4x""/></div></span></div></div></span>]"
starfirequeen26,2023-11-16 20:32:47,    ,"[<span class="""" data-a-target=""chat-line-message-body""><div class=""chat-line__message--emote-button"" data-test-selector=""emote-button""><div class=""InjectLayout-sc-1i43xsx-0 jbmPmA""><span data-a-target=""emote-name""><div class=""Layout-sc-1xcs6mc-0 eRdKzO chat-image__container""><img alt=""xcryJajaja"" class=""chat-image chat-line__message--emote"" src=""https://static-cdn.jtvnw.net/emoticons/v2/emotesv2_6093022d70874e84a5789435c9819838/default/dark/1.0"" srcset=""https://static-cdn.jtvnw.net/emoticons/v2/emotesv2_6093022d70874e84a5789435c9819838/default/dark/1.0 1x,https://static-cdn.jtvnw.net/emoticons/v2/emotesv2_6093022d70874e84a5789435c9819838/default/dark/2.0 2x,https://static-cdn.jtvnw.net/emoticons/v2/emotesv2_6093022d70874e84a5789435c9819838/default/dark/3.0 4x""/></div></span></div></div><span class=""text-fragment"" data-a-target=""chat-message-text""> </span><div class=""chat-line__message--emote-button"" data-test-selector=""emote-button""><div class=""InjectLayout-sc-1i43xsx-0 jbmPmA""><span data-a-target=""emote-name""><div class=""Layout-sc-1xcs6mc-0 eRdKzO chat-image__container""><img alt=""xcryJajaja"" class=""chat-image chat-line__message--emote"" src=""https://static-cdn.jtvnw.net/emoticons/v2/emotesv2_6093022d70874e84a5789435c9819838/default/dark/1.0"" srcset=""https://static-cdn.jtvnw.net/emoticons/v2/emotesv2_6093022d70874e84a5789435c9819838/default/dark/1.0 1x,https://static-cdn.jtvnw.net/emoticons/v2/emotesv2_6093022d70874e84a5789435c9819838/default/dark/2.0 2x,https://static-cdn.jtvnw.net/emoticons/v2/emotesv2_6093022d70874e84a5789435c9819838/default/dark/3.0 4x""/></div></span></div></div><span class=""text-fragment"" data-a-target=""chat-message-text""> </span><div class=""chat-line__message--emote-button"" data-test-selector=""emote-button""><div class=""InjectLayout-sc-1i43xsx-0 jbmPmA""><span data-a-target=""emote-name""><div class=""Layout-sc-1xcs6mc-0 eRdKzO chat-image__container""><img alt=""xcryJajaja"" class=""chat-image chat-line__message--emote"" src=""https://static-cdn.jtvnw.net/emoticons/v2/emotesv2_6093022d70874e84a5789435c9819838/default/dark/1.0"" srcset=""https://static-cdn.jtvnw.net/emoticons/v2/emotesv2_6093022d70874e84a5789435c9819838/default/dark/1.0 1x,https://static-cdn.jtvnw.net/emoticons/v2/emotesv2_6093022d70874e84a5789435c9819838/default/dark/2.0 2x,https://static-cdn.jtvnw.net/emoticons/v2/emotesv2_6093022d70874e84a5789435c9819838/default/dark/3.0 4x""/></div></span></div></div><span class=""text-fragment"" data-a-target=""chat-message-text""> </span><div class=""chat-line__message--emote-button"" data-test-selector=""emote-button""><div class=""InjectLayout-sc-1i43xsx-0 jbmPmA""><span data-a-target=""emote-name""><div class=""Layout-sc-1xcs6mc-0 eRdKzO chat-image__container""><img alt=""xcryJajaja"" class=""chat-image chat-line__message--emote"" src=""https://static-cdn.jtvnw.net/emoticons/v2/emotesv2_6093022d70874e84a5789435c9819838/default/dark/1.0"" srcset=""https://static-cdn.jtvnw.net/emoticons/v2/emotesv2_6093022d70874e84a5789435c9819838/default/dark/1.0 1x,https://static-cdn.jtvnw.net/emoticons/v2/emotesv2_6093022d70874e84a5789435c9819838/default/dark/2.0 2x,https://static-cdn.jtvnw.net/emoticons/v2/emotesv2_6093022d70874e84a5789435c9819838/default/dark/3.0 4x""/></div></span></div></div><span class=""text-fragment"" data-a-target=""chat-message-text""> </span><div class=""chat-line__message--emote-button"" data-test-selector=""emote-button""><div class=""InjectLayout-sc-1i43xsx-0 jbmPmA""><span data-a-target=""emote-name""><div class=""Layout-sc-1xcs6mc-0 eRdKzO chat-image__container""><img alt=""xcryJajaja"" class=""chat-image chat-line__message--emote"" src=""https://static-cdn.jtvnw.net/emoticons/v2/emotesv2_6093022d70874e84a5789435c9819838/default/dark/1.0"" srcset=""https://static-cdn.jtvnw.net/emoticons/v2/emotesv2_6093022d70874e84a5789435c9819838/default/dark/1.0 1x,https://static-cdn.jtvnw.net/emoticons/v2/emotesv2_6093022d70874e84a5789435c9819838/default/dark/2.0 2x,https://static-cdn.jtvnw.net/emoticons/v2/emotesv2_6093022d70874e84a5789435c9819838/default/dark/3.0 4x""/></div></span></div></div></span>]"
ddianallopez,2023-11-16 20:32:47,me gustaa,"[<span class="""" data-a-target=""chat-line-message-body""><span class=""text-fragment"" data-a-target=""chat-message-text"">me gustaa</span></span>]"
litleesmme,2023-11-16 20:32:47, ,"[<span class="""" data-a-target=""chat-line-message-body""><div class=""chat-line__message--emote-button"" data-test-selector=""emote-button""><div class=""InjectLayout-sc-1i43xsx-0 jbmPmA""><span data-a-target=""emote-name""><div class=""Layout-sc-1xcs6mc-0 eRdKzO chat-image__container""><img alt=""FootYellow"" class=""chat-image chat-line__message--emote"" src=""https://static-cdn.jtvnw.net/emoticons/v2/302628613/default/dark/1.0"" srcset=""https://static-cdn.jtvnw.net/emoticons/v2/302628613/default/dark/1.0 1x,https://static-cdn.jtvnw.net/emoticons/v2/302628613/default/dark/2.0 2x,https://static-cdn.jtvnw.net/emoticons/v2/302628613/default/dark/3.0 4x""/></div></span></div></div><span class=""text-fragment"" data-a-target=""chat-message-text""> </span><div class=""chat-line__message--emote-button"" data-test-selector=""emote-button""><div class=""InjectLayout-sc-1i43xsx-0 jbmPmA""><span data-a-target=""emote-name""><div class=""Layout-sc-1xcs6mc-0 eRdKzO chat-image__container""><img alt=""FootYellow"" class=""chat-image chat-line__message--emote"" src=""https://static-cdn.jtvnw.net/emoticons/v2/302628613/default/dark/1.0"" srcset=""https://static-cdn.jtvnw.net/emoticons/v2/302628613/default/dark/1.0 1x,https://static-cdn.jtvnw.net/emoticons/v2/302628613/default/dark/2.0 2x,https://static-cdn.jtvnw.net/emoticons/v2/302628613/default/dark/3.0 4x""/></div></span></div></div></span>]"
joilyne32,2023-11-16 20:32:47,Mi noviooo,"[<span class="""" data-a-target=""chat-line-message-body""><span class=""text-fragment"" data-a-target=""chat-message-text"">Mi noviooo</span></span>]"
xmoonmoonie,2023-11-16 20:32:47,UHHH,"[<span class="""" data-a-target=""chat-line-message-body""><span class=""text-fragment"" data-a-target=""chat-message-text"">UHHH</span></span>]"
ccam1i1,2023-11-16 20:32:47,SISI ESE,"[<span class="""" data-a-target=""chat-line-message-body""><span class=""text-fragment"" data-a-target=""chat-message-text"">SISI ESE</span></span>]"
dayiiiii_19,2023-11-16 20:32:47,Tarjeta amarilla,"[<span class="""" data-a-target=""chat-line-message-body""><span class=""text-fragment"" data-a-target=""chat-message-text"">Tarjeta amarilla</span></span>]"
itzyoon93,2023-11-16 20:32:47,Siiiii,"[<span class="""" data-a-target=""chat-line-message-body""><span class=""text-fragment"" data-a-target=""chat-message-text"">Siiiii</span></span>]"
regisanchez_27,2023-11-16 20:32:47,  a,"[<span class="""" data-a-target=""chat-line-message-body""><div class=""chat-line__message--emote-button"" data-test-selector=""emote-button""><div class=""InjectLayout-sc-1i43xsx-0 jbmPmA""><span data-a-target=""emote-name""><div class=""Layout-sc-1xcs6mc-0 eRdKzO chat-image__container""><img alt=""FootYellow"" class=""chat-image chat-line__message--emote"" src=""https://static-cdn.jtvnw.net/emoticons/v2/302628613/default/dark/1.0"" srcset=""https://static-cdn.jtvnw.net/emoticons/v2/302628613/default/dark/1.0 1x,https://static-cdn.jtvnw.net/emoticons/v2/302628613/default/dark/2.0 2x,https://static-cdn.jtvnw.net/emoticons/v2/302628613/default/dark/3.0 4x""/></div></span></div></div><span class=""text-fragment"" data-a-target=""chat-message-text""> </span><div class=""chat-line__message--emote-button"" data-test-selector=""emote-button""><div class=""InjectLayout-sc-1i43xsx-0 jbmPmA""><span data-a-target=""emote-name""><div class=""Layout-sc-1xcs6mc-0 eRdKzO chat-image__container""><img alt=""FootYellow"" class=""chat-image chat-line__message--emote"" src=""https://static-cdn.jtvnw.net/emoticons/v2/302628613/default/dark/1.0"" srcset=""https://static-cdn.jtvnw.net/emoticons/v2/302628613/default/dark/1.0 1x,https://static-cdn.jtvnw.net/emoticons/v2/302628613/default/dark/2.0 2x,https://static-cdn.jtvnw.net/emoticons/v2/302628613/default/dark/3.0 4x""/></div></span></div></div><span class=""text-fragment"" data-a-target=""chat-message-text""> a</span></span>]"
naty0414,2023-11-16 20:32:47,Epaaa heee,"[<span class="""" data-a-target=""chat-line-message-body""><span class=""text-fragment"" data-a-target=""chat-message-text"">Epaaa heee</span></span>]"
laya_dg,2023-11-16 20:32:47,  ,"[<span class="""" data-a-target=""chat-line-message-body""><div class=""chat-line__message--emote-button"" data-test-selector=""emote-button""><div class=""InjectLayout-sc-1i43xsx-0 jbmPmA""><span data-a-target=""emote-name""><div class=""Layout-sc-1xcs6mc-0 eRdKzO chat-image__container""><img alt=""xcryAmor"" class=""chat-image chat-line__message--emote"" src=""https://static-cdn.jtvnw.net/emoticons/v2/emotesv2_4ac3df63ee044bc2986021749d2d7f75/default/dark/1.0"" srcset=""https://static-cdn.jtvnw.net/emoticons/v2/emotesv2_4ac3df63ee044bc2986021749d2d7f75/default/dark/1.0 1x,https://static-cdn.jtvnw.net/emoticons/v2/emotesv2_4ac3df63ee044bc2986021749d2d7f75/default/dark/2.0 2x,https://static-cdn.jtvnw.net/emoticons/v2/emotesv2_4ac3df63ee044bc2986021749d2d7f75/default/dark/3.0 4x""/></div></span></div></div><span class=""text-fragment"" data-a-target=""chat-message-text""> </span><div class=""chat-line__message--emote-button"" data-test-selector=""emote-button""><div class=""InjectLayout-sc-1i43xsx-0 jbmPmA""><span data-a-target=""emote-name""><div class=""Layout-sc-1xcs6mc-0 eRdKzO chat-image__container""><img alt=""xcryAmor"" class=""chat-image chat-line__message--emote"" src=""https://static-cdn.jtvnw.net/emoticons/v2/emotesv2_4ac3df63ee044bc2986021749d2d7f75/default/dark/1.0"" srcset=""https://static-cdn.jtvnw.net/emoticons/v2/emotesv2_4ac3df63ee044bc2986021749d2d7f75/default/dark/1.0 1x,https://static-cdn.jtvnw.net/emoticons/v2/emotesv2_4ac3df63ee044bc2986021749d2d7f75/default/dark/2.0 2x,https://static-cdn.jtvnw.net/emoticons/v2/emotesv2_4ac3df63ee044bc2986021749d2d7f75/default/dark/3.0 4x""/></div></span></div></div><span class=""text-fragment"" data-a-target=""chat-message-text""> </span><div class=""chat-line__message--emote-button"" data-test-selector=""emote-button""><div class=""InjectLayout-sc-1i43xsx-0 jbmPmA""><span data-a-target=""emote-name""><div class=""Layout-sc-1xcs6mc-0 eRdKzO chat-image__container""><img alt=""xcryAmor"" class=""chat-image chat-line__message--emote"" src=""https://static-cdn.jtvnw.net/emoticons/v2/emotesv2_4ac3df63ee044bc2986021749d2d7f75/default/dark/1.0"" srcset=""https://static-cdn.jtvnw.net/emoticons/v2/emotesv2_4ac3df63ee044bc2986021749d2d7f75/default/dark/1.0 1x,https://static-cdn.jtvnw.net/emoticons/v2/emotesv2_4ac3df63ee044bc2986021749d2d7f75/default/dark/2.0 2x,https://static-cdn.jtvnw.net/emoticons/v2/emotesv2_4ac3df63ee044bc2986021749d2d7f75/default/dark/3.0 4x""/></div></span></div></div></span>]"
yenkissss,2023-11-16 20:32:47,     ,"[<span class="""" data-a-target=""chat-line-message-body""><div class=""chat-line__message--emote-button"" data-test-selector=""emote-button""><div class=""InjectLayout-sc-1i43xsx-0 jbmPmA""><span data-a-target=""emote-name""><div class=""Layout-sc-1xcs6mc-0 eRdKzO chat-image__container""><img alt=""FootYellow"" class=""chat-image chat-line__message--emote"" src=""https://static-cdn.jtvnw.net/emoticons/v2/302628613/default/dark/1.0"" srcset=""https://static-cdn.jtvnw.net/emoticons/v2/302628613/default/dark/1.0 1x,https://static-cdn.jtvnw.net/emoticons/v2/302628613/default/dark/2.0 2x,https://static-cdn.jtvnw.net/emoticons/v2/302628613/default/dark/3.0 4x""/></div></span></div></div><span class=""text-fragment"" data-a-target=""chat-message-text""> </span><div class=""chat-line__message--emote-button"" data-test-selector=""emote-button""><div class=""InjectLayout-sc-1i43xsx-0 jbmPmA""><span data-a-target=""emote-name""><div class=""Layout-sc-1xcs6mc-0 eRdKzO chat-image__container""><img alt=""FootYellow"" class=""chat-image chat-line__message--emote"" src=""https://static-cdn.jtvnw.net/emoticons/v2/302628613/default/dark/1.0"" srcset=""https://static-cdn.jtvnw.net/emoticons/v2/302628613/default/dark/1.0 1x,https://static-cdn.jtvnw.net/emoticons/v2/302628613/default/dark/2.0 2x,https://static-cdn.jtvnw.net/emoticons/v2/302628613/default/dark/3.0 4x""/></div></span></div></div><span class=""text-fragment"" data-a-target=""chat-message-text""> </span><div class=""chat-line__message--emote-button"" data-test-selector=""emote-button""><div class=""InjectLayout-sc-1i43xsx-0 jbmPmA""><span data-a-target=""emote-name""><div class=""Layout-sc-1xcs6mc-0 eRdKzO chat-image__container""><img alt=""FootYellow"" class=""chat-image chat-line__message--emote"" src=""https://static-cdn.jtvnw.net/emoticons/v2/302628613/default/dark/1.0"" srcset=""https://static-cdn.jtvnw.net/emoticons/v2/302628613/default/dark/1.0 1x,https://static-cdn.jtvnw.net/emoticons/v2/302628613/default/dark/2.0 2x,https://static-cdn.jtvnw.net/emoticons/v2/302628613/default/dark/3.0 4x""/></div></span></div></div><span class=""text-fragment"" data-a-target=""chat-message-text""> </span><div class=""chat-line__message--emote-button"" data-test-selector=""emote-button""><div class=""InjectLayout-sc-1i43xsx-0 jbmPmA""><span data-a-target=""emote-name""><div class=""Layout-sc-1xcs6mc-0 eRdKzO chat-image__container""><img alt=""FootYellow"" class=""chat-image chat-line__message--emote"" src=""https://static-cdn.jtvnw.net/emoticons/v2/302628613/default/dark/1.0"" srcset=""https://static-cdn.jtvnw.net/emoticons/v2/302628613/default/dark/1.0 1x,https://static-cdn.jtvnw.net/emoticons/v2/302628613/default/dark/2.0 2x,https://static-cdn.jtvnw.net/emoticons/v2/302628613/default/dark/3.0 4x""/></div></span></div></div><span class=""text-fragment"" data-a-target=""chat-message-text""> </span><div class=""chat-line__message--emote-button"" data-test-selector=""emote-button""><div class=""InjectLayout-sc-1i43xsx-0 jbmPmA""><span data-a-target=""emote-name""><div class=""Layout-sc-1xcs6mc-0 eRdKzO chat-image__container""><img alt=""FootYellow"" class=""chat-image chat-line__message--emote"" src=""https://static-cdn.jtvnw.net/emoticons/v2/302628613/default/dark/1.0"" srcset=""https://static-cdn.jtvnw.net/emoticons/v2/302628613/default/dark/1.0 1x,https://static-cdn.jtvnw.net/emoticons/v2/302628613/default/dark/2.0 2x,https://static-cdn.jtvnw.net/emoticons/v2/302628613/default/dark/3.0 4x""/></div></span></div></div><span class=""text-fragment"" data-a-target=""chat-message-text""> </span><div class=""chat-line__message--emote-button"" data-test-selector=""emote-button""><div class=""InjectLayout-sc-1i43xsx-0 jbmPmA""><span data-a-target=""emote-name""><div class=""Layout-sc-1xcs6mc-0 eRdKzO chat-image__container""><img alt=""FootYellow"" class=""chat-image chat-line__message--emote"" src=""https://static-cdn.jtvnw.net/emoticons/v2/302628613/default/dark/1.0"" srcset=""https://static-cdn.jtvnw.net/emoticons/v2/302628613/default/dark/1.0 1x,https://static-cdn.jtvnw.net/emoticons/v2/302628613/default/dark/2.0 2x,https://static-cdn.jtvnw.net/emoticons/v2/302628613/default/dark/3.0 4x""/></div></span></div></div></span>]"
yansyrennight,2023-11-16 20:32:47,          ,"[<span class="""" data-a-target=""chat-line-message-body""><div class=""chat-line__message--emote-button"" data-test-selector=""emote-button""><div class=""InjectLayout-sc-1i43xsx-0 jbmPmA""><span data-a-target=""emote-name""><div class=""Layout-sc-1xcs6mc-0 eRdKzO chat-image__container""><img alt=""FootYellow"" class=""chat-image chat-line__message--emote"" src=""https://static-cdn.jtvnw.net/emoticons/v2/302628613/default/dark/1.0"" srcset=""https://static-cdn.jtvnw.net/emoticons/v2/302628613/default/dark/1.0 1x,https://static-cdn.jtvnw.net/emoticons/v2/302628613/default/dark/2.0 2x,https://static-cdn.jtvnw.net/emoticons/v2/302628613/default/dark/3.0 4x""/></div></span></div></div><span class=""text-fragment"" data-a-target=""chat-message-text""> </span><div class=""chat-line__message--emote-button"" data-test-selector=""emote-button""><div class=""InjectLayout-sc-1i43xsx-0 jbmPmA""><span data-a-target=""emote-name""><div class=""Layout-sc-1xcs6mc-0 eRdKzO chat-image__container""><img alt=""FootYellow"" class=""chat-image chat-line__message--emote"" src=""https://static-cdn.jtvnw.net/emoticons/v2/302628613/default/dark/1.0"" srcset=""https://static-cdn.jtvnw.net/emoticons/v2/302628613/default/dark/1.0 1x,https://static-cdn.jtvnw.net/emoticons/v2/302628613/default/dark/2.0 2x,https://static-cdn.jtvnw.net/emoticons/v2/302628613/default/dark/3.0 4x""/></div></span></div></div><span class=""text-fragment"" data-a-target=""chat-message-text""> </span><div class=""chat-line__message--emote-button"" data-test-selector=""emote-button""><div class=""InjectLayout-sc-1i43xsx-0 jbmPmA""><span data-a-target=""emote-name""><div class=""Layout-sc-1xcs6mc-0 eRdKzO chat-image__container""><img alt=""FootYellow"" class=""chat-image chat-line__message--emote"" src=""https://static-cdn.jtvnw.net/emoticons/v2/302628613/default/dark/1.0"" srcset=""https://static-cdn.jtvnw.net/emoticons/v2/302628613/default/dark/1.0 1x,https://static-cdn.jtvnw.net/emoticons/v2/302628613/default/dark/2.0 2x,https://static-cdn.jtvnw.net/emoticons/v2/302628613/default/dark/3.0 4x""/></div></span></div></div><span class=""text-fragment"" data-a-target=""chat-message-text""> </span><div class=""chat-line__message--emote-button"" data-test-selector=""emote-button""><div class=""InjectLayout-sc-1i43xsx-0 jbmPmA""><span data-a-target=""emote-name""><div class=""Layout-sc-1xcs6mc-0 eRdKzO chat-image__container""><img alt=""FootYellow"" class=""chat-image chat-line__message--emote"" src=""https://static-cdn.jtvnw.net/emoticons/v2/302628613/default/dark/1.0"" srcset=""https://static-cdn.jtvnw.net/emoticons/v2/302628613/default/dark/1.0 1x,https://static-cdn.jtvnw.net/emoticons/v2/302628613/default/dark/2.0 2x,https://static-cdn.jtvnw.net/emoticons/v2/302628613/default/dark/3.0 4x""/></div></span></div></div><span class=""text-fragment"" data-a-target=""chat-message-text""> </span><div class=""chat-line__message--emote-button"" data-test-selector=""emote-button""><div class=""InjectLayout-sc-1i43xsx-0 jbmPmA""><span data-a-target=""emote-name""><div class=""Layout-sc-1xcs6mc-0 eRdKzO chat-image__container""><img alt=""FootYellow"" class=""chat-image chat-line__message--emote"" src=""https://static-cdn.jtvnw.net/emoticons/v2/302628613/default/dark/1.0"" srcset=""https://static-cdn.jtvnw.net/emoticons/v2/302628613/default/dark/1.0 1x,https://static-cdn.jtvnw.net/emoticons/v2/302628613/default/dark/2.0 2x,https://static-cdn.jtvnw.net/emoticons/v2/302628613/default/dark/3.0 4x""/></div></span></div></div><span class=""text-fragment"" data-a-target=""chat-message-text""> </span><div class=""chat-line__message--emote-button"" data-test-selector=""emote-button""><div class=""InjectLayout-sc-1i43xsx-0 jbmPmA""><span data-a-target=""emote-name""><div class=""Layout-sc-1xcs6mc-0 eRdKzO chat-image__container""><img alt=""FootYellow"" class=""chat-image chat-line__message--emote"" src=""https://static-cdn.jtvnw.net/emoticons/v2/302628613/default/dark/1.0"" srcset=""https://static-cdn.jtvnw.net/emoticons/v2/302628613/default/dark/1.0 1x,https://static-cdn.jtvnw.net/emoticons/v2/302628613/default/dark/2.0 2x,https://static-cdn.jtvnw.net/emoticons/v2/302628613/default/dark/3.0 4x""/></div></span></div></div><span class=""text-fragment"" data-a-target=""chat-message-text""> </span><div class=""chat-line__message--emote-button"" data-test-selector=""emote-button""><div class=""InjectLayout-sc-1i43xsx-0 jbmPmA""><span data-a-target=""emote-name""><div class=""Layout-sc-1xcs6mc-0 eRdKzO chat-image__container""><img alt=""FootYellow"" class=""chat-image chat-line__message--emote"" src=""https://static-cdn.jtvnw.net/emoticons/v2/302628613/default/dark/1.0"" srcset=""https://static-cdn.jtvnw.net/emoticons/v2/302628613/default/dark/1.0 1x,https://static-cdn.jtvnw.net/emoticons/v2/302628613/default/dark/2.0 2x,https://static-cdn.jtvnw.net/emoticons/v2/302628613/default/dark/3.0 4x""/></div></span></div></div><span class=""text-fragment"" data-a-target=""chat-message-text""> </span><div class=""chat-line__message--emote-button"" data-test-selector=""emote-button""><div class=""InjectLayout-sc-1i43xsx-0 jbmPmA""><span data-a-target=""emote-name""><div class=""Layout-sc-1xcs6mc-0 eRdKzO chat-image__container""><img alt=""FootYellow"" class=""chat-image chat-line__message--emote"" src=""https://static-cdn.jtvnw.net/emoticons/v2/302628613/default/dark/1.0"" srcset=""https://static-cdn.jtvnw.net/emoticons/v2/302628613/default/dark/1.0 1x,https://static-cdn.jtvnw.net/emoticons/v2/302628613/default/dark/2.0 2x,https://static-cdn.jtvnw.net/emoticons/v2/302628613/default/dark/3.0 4x""/></div></span></div></div><span class=""text-fragment"" data-a-target=""chat-message-text""> </span><div class=""chat-line__message--emote-button"" data-test-selector=""emote-button""><div class=""InjectLayout-sc-1i43xsx-0 jbmPmA""><span data-a-target=""emote-name""><div class=""Layout-sc-1xcs6mc-0 eRdKzO chat-image__container""><img alt=""FootYellow"" class=""chat-image chat-line__message--emote"" src=""https://static-cdn.jtvnw.net/emoticons/v2/302628613/default/dark/1.0"" srcset=""https://static-cdn.jtvnw.net/emoticons/v2/302628613/default/dark/1.0 1x,https://static-cdn.jtvnw.net/emoticons/v2/302628613/default/dark/2.0 2x,https://static-cdn.jtvnw.net/emoticons/v2/302628613/default/dark/3.0 4x""/></div></span></div></div><span class=""text-fragment"" data-a-target=""chat-message-text""> </span><div class=""chat-line__message--emote-button"" data-test-selector=""emote-button""><div class=""InjectLayout-sc-1i43xsx-0 jbmPmA""><span data-a-target=""emote-name""><div class=""Layout-sc-1xcs6mc-0 eRdKzO chat-image__container""><img alt=""FootYellow"" class=""chat-image chat-line__message--emote"" src=""https://static-cdn.jtvnw.net/emoticons/v2/302628613/default/dark/1.0"" srcset=""https://static-cdn.jtvnw.net/emoticons/v2/302628613/default/dark/1.0 1x,https://static-cdn.jtvnw.net/emoticons/v2/302628613/default/dark/2.0 2x,https://static-cdn.jtvnw.net/emoticons/v2/302628613/default/dark/3.0 4x""/></div></span></div></div><span class=""text-fragment"" data-a-target=""chat-message-text""> </span><div class=""chat-line__message--emote-button"" data-test-selector=""emote-button""><div class=""InjectLayout-sc-1i43xsx-0 jbmPmA""><span data-a-target=""emote-name""><div class=""Layout-sc-1xcs6mc-0 eRdKzO chat-image__container""><img alt=""FootYellow"" class=""chat-image chat-line__message--emote"" src=""https://static-cdn.jtvnw.net/emoticons/v2/302628613/default/dark/1.0"" srcset=""https://static-cdn.jtvnw.net/emoticons/v2/302628613/default/dark/1.0 1x,https://static-cdn.jtvnw.net/emoticons/v2/302628613/default/dark/2.0 2x,https://static-cdn.jtvnw.net/emoticons/v2/302628613/default/dark/3.0 4x""/></div></span></div></div></span>]"
CamiHaye,2023-11-16 20:32:47,Si,"[<span class="""" data-a-target=""chat-line-message-body""><span class=""text-fragment"" data-a-target=""chat-message-text"">Si</span></span>]"
fannybin,2023-11-16 20:32:47,Amooooo,"[<span class="""" data-a-target=""chat-line-message-body""><span class=""text-fragment"" data-a-target=""chat-message-text"">Amooooo</span></span>]"
